Word,Frequency
California,528
Texas,477
CA,335
Florida,287
PA,233
TX,230
Wyoming,228
I-80,199
Ohio,195
Indiana,190
NY,188
Oregon,170
I-40,164
AZ,160
FL,154
Illinois,152
NJ,148
Colorado,142
Ontario,141
IN,139
Michigan,138
NYC,137
Washington,130
IL,126
GA,120
WA,119
FOR,119
NC,117
DEF,111
I-70,111
Iowa,110
Georgia,104
I-5,102
AND,100
Virginia,99
OR,98
Utah,95
Arizona,95
TN,94
VA,93
LA,92
I-10,91
Oklahoma,88
Pennsylvania,86
Tennessee,85
California,83
CAT,78
Montana,76
Arkansas,74
Kansas,74
OH,73
ON,72
Kentucky,70
AMA,70
California,68
NM,66
BC,66
Nebraska,66
Alberta,65
CO,64
RIP,63
SWIFT,63
Idaho,63
I-95,63
Alabama,63
Wisconsin,62
SC,62
Louisiana,61
Texas,61
TWIC,60
Texas,60
NEED,59
NEW,58
Missouri,57
Alaska,56
MO,56
WY,55
ID,54
NE,53
Nevada,53
Florida,52
ALL,51
CT,51
I-90,50
KY,49
Florida,49
ABF,49
OK,48
I-81,48
THIS,48
NB,48
PAM,47
Ontario,47
CA,47
CA,46
MA,46
VNL,45
MAN,44
MI,44
TX,43
Maryland,43
Indianapolis,41
Massachusetts,41
CPAP,41
CLASS,40
I-75,39
Minnesota,39
DRIVERS,38
NV,37
I-20,37
PA,36
Connecticut,36
I-65,36
PA,35
Ohio,35
WI,34
MN,34
Mississippi,34
I-15,33
MT,33
ARE,33
I-84,33
Indiana,33
NY,33
AR,32
ME,32
MD,32
UT,32
HAZMAT,32
Maine,32
TRUCKING,31
ABS,31
AL,30
LOOKING,30
FL,29
DRIVER,29
IA,28
WITH,28
COVID-19,28
MS,27
WA,27
NSFW,27
REALLY,27
I-35,26
USDOT,26
NY,26
I-94,26
TX,26
WIOA,26
AZ,25
FL,25
OKC,25
OWNER,24
Utah,24
WV,23
California,23
TIL,23
Wyoming,23
GA,23
IL,23
NC,22
Quebec,22
ONE,22
VIDEO,21
Colorado,21
TRUCKS,21
COMPANY,21
I-44,21
NJ,21
ND,21
TMS,21
I-55,21
NEVER,21
NYS,21
I-25,20
NC,20
KS,20
OK,20
NJ,20
TIA,20
OH,19
Colorado,19
NYC,19
CAN,19
TN,19
Wisconsin,19
PA,19
Oregon,19
SCHOOL,19
ANY,19
Illinois,18
Michigan,18
HWY,18
Texas,18
AB5,18
PHYSICAL,18
I-85,17
I-30,17
ONLY,17
PASSED,17
PRIME,17
FUCKING,17
QUESTION,17
NASCAR,17
VA,17
NH,17
Virginia,17
TRAINING,17
Iowa,16
MO,16
EPA,16
SD,16
Oregon,16
NY,16
LOCAL,16
Tennessee,16
Ohio,16
Alaska,16
HIRING,16
Arkansas,16
AZ,16
SAIA,16
Indiana,15
ALWAYS,15
TN,15
AMA,15
SCANIA,15
CO,15
Illinois,15
MATS,14
QC,14
HVAC,14
NM,14
INTO,14
OPERATORS,14
I-24,14
WATCH,14
Vermont,14
BUT,14
COVID,14
REAL,14
PACCAR,13
OK,13
CA,13
Washington,13
COE,13
KY,13
FINALLY,13
TIME,13
GOAL,13
Ontario,13
AMA,13
VAN,13
Utah,13
Arizona,13
Missouri,13
LA,13
Washington,13
TNT,13
ANYONE,13
CVOR,13
Florida,12
OOIDA,12
PAY,12
Oregon,12
WILL,12
OR,12
Michigan,12
KS,12
I-71,12
BC,12
Delaware,12
Ontario,12
Ohio,12
Indiana,12
WAS,12
Saskatchewan,12
CDLA,12
IL,12
Michigan,12
AK,12
LA,12
Wyoming,12
VIDEO,12
FLATBED,12
PAID,12
AVAILABLE,12
DRIVING,12
TND,11
Alberta,11
I-77,11
Georgia,11
I-78,11
ID,11
Mississippi,11
SEMI,11
Idaho,11
MEGA,11
NYC,11
Georgia,11
WY,11
PERMIT,11
TX,11
IL,11
Oklahoma,11
DISPATCH,11
Hawaii,11
DID,11
WAY,11
STILL,10
UT,10
Louisiana,10
FLORIDA,10
DRIVE,10
WA,10
Montana,10
IN,10
WI,10
CPA,10
SAR,10
MT,10
Kentucky,10
MS,10
NEEDED,10
ND,10
AB,10
MI,10
Alberta,10
MELT,10
Wyoming,10
NC,10
FMSCA,10
GA,10
Californias,9
INC,9
Nebraska,9
BNSF,9
NJ,9
BC,9
VIN,9
CA,9
RIG,9
I-64,9
AR,9
TX,9
Pennsylvania,9
YT,9
WORK,9
DWI,9
HME,9
Manitoba,8
DAMN,8
HIGH,8
SPEED,8
MA,8
NSFW,8
WV,8
SOME,8
AL,8
Arizona,8
TRAILER,8
ACTUALLY,8
QUESTION,8
AKA,8
Utah,8
NE,8
AUTO,8
OH,8
WYDOT,8
Georgia,8
SD,8
Minnesota,8
WANT,8
Arizona,8
ARI,8
California,8
EMS,8
Wisconsin,8
TX,8
ABOUT,8
Virginia,8
Kansas,8
AZ,8
COMING,8
MA,8
PARKING,7
Alabama,7
TAKE,7
MD,7
Illinois,7
LOOK,7
ABC,7
MACK,7
WA,7
GETTING,7
DONT,7
Washington,7
Nebraska,7
CANADA,7
MAKE,7
SCR,7
NM,7
BUSINESS,7
I-45,7
FLD,7
CARRIER,7
URGENT,7
Ohio,7
I-70,7
Pennsylvania,7
Indianapolis,7
CA,7
ULTIMATE,7
SUPER,7
GA,7
ROADTRAIN,7
CALIFORNIA,7
Massachusetts,7
IL,7
ODFL,7
WIFI,7
LONG,7
WORST,7
GA,7
UIIA,7
YEAR,7
HVUT,6
Maine,6
I-285,6
TRANSPORTATION,6
Louisiana,6
MN,6
SC,6
NV,6
Idaho,6
FREIGHTLINER,6
PETERBILT,6
Texas,6
RIGHT,6
CT,6
CBC,6
FL,6
PA,6
NE,6
Illinois,6
CANT,6
AMA,6
Missouri,6
Hawaii,6
MO,6
MISSING,6
Colorado,6
I-80,6
AVOID,6
Montana,6
WI,6
DEZL,6
NJ,6
IDK,6
COME,6
AR,6
Montana,6
I-40E,6
I-80,6
DONT,6
GOING,6
VT,6
California,6
Alabama,6
FMI,6
PEOPLE,6
Tennessee,6
MORE,6
DRIVERS,6
Maine,6
ATTENTION,6
MST,6
QCD,6
YTD,6
GA,5
Yukon,5
NM,5
MASSIVE,5
LA,5
SWIFT,5
VNL,5
ND,5
NC,5
MOST,5
ID,5
NE,5
GAS,5
HIRING,5
DRIVERS,5
CT,5
I-57,5
Arkansas,5
CO,5
Kentucky,5
MA,5
Pennsylvania,5
FIND,5
Alaskan,5
WA,5
Saskatchewan,5
Iowa,5
MN,5
TIL,5
IA,5
Indiana,5
RANT,5
TN,5
HAULING,5
REWARD,5
CO2,5
VA,5
CAR,5
COMPILATION,5
ILLINOIS,5
FIL,5
MB,5
MEDICAL,5
ONLY,5
SWIFT,5
DEF,5
WORTH,5
Nebraska,5
VNL860,5
CARD,5
INCALL,5
ACT,5
OPPORTUNITY,5
LALB,5
NYC,5
IMO,5
HUNT,5
Indiana,5
CONVOY,5
OK,5
MOTOR,5
TestGA,5
SCREEN,5
UNDER,5
TONU,5
NEXT,4
VEHICLES,4
ATTN,4
Texas,4
NJTP,4
OR,4
GATS,4
URGENT,4
VNL,4
COUNTRY,4
I-17,4
DEF,4
uSEILogistics,4
HUT,4
WATCH,4
I-40,4
STATION,4
OHIO,4
I-12,4
NB,4
AMA,4
Michigan,4
SALE,4
HARD,4
MD,4
WA,4
NSFW,4
COMPANIES,4
LANE,4
Ontario,4
FAILS,4
Virginia,4
CENTER,4
BLOCKING,4
DONE,4
OR,4
ONTARIO,4
CRAZY,4
Wyoming,4
MICHIGAN,4
NJ,4
FAILED,4
I-465,4
DE,4
WV,4
DOING,4
FINAL,4
PTSD,4
Connecticut,4
NYNJ,4
COEs,4
CUT,4
Colorado,4
HAZMAT,4
STAND,4
USD,4
WASH,4
I-22,4
I-25,4
WY,4
Nevada,4
DRIVERS,4
WIDE,4
I-10,4
Delaware,4
COVID19,4
Texas,4
EMPLOYMENT,4
EXPERIENCE,4
FEDEX,4
OR,4
HOLDERS,4
Californian,4
LMAO,4
INC,4
KIWI,4
ALMOST,4
FLB,4
I-70,4
AZ,4
FLEET,4
CARGO,4
KY,4
RIP,4
LEASING,4
HIT,4
NV,4
MBI,4
WIA,4
Maryland,4
ACCIDENT,4
CANT,4
SCHNEIDER,4
BROKER,4
SOUTH,4
MEC,4
TX,4
I-40W,4
ENTIRE,4
OH,4
Nevada,4
I-40,4
Louisiana,4
NON,4
LYTX,4
NET,4
Iowa,4
PROFITABLE,4
IYKYK,4
BC,4
Indianapolis,4
HMD,4
VIDEO,4
PER,4
Wisconsin,4
QUESTIONS,4
TINT,4
BBC,3
HORRIBLE,3
CARE,3
I-79,3
ACTUAL,3
COEs,3
MN,3
COOP,3
NFL,3
Wisconsin,3
AMA,3
RANT,3
ENGLAND,3
QUESTION,3
MO,3
KENWORTH,3
EVERYONE,3
WITHOUT,3
VA,3
MI,3
LOADED,3
TRACTOR,3
ME,3
KS,3
PATH,3
CAT,3
RI,3
FL,3
Connecticut,3
CURRENT,3
ANYTHING,3
MI,3
LAST,3
RIDE,3
OK,3
SUCKS,3
THINGS,3
Oregon,3
STARTED,3
I-85,3
I-294,3
FLYING,3
FEMA,3
COAST,3
SK,3
Utah,3
FAMILY,3
NSFW,3
Texas,3
NOPE,3
INDIANA,3
Indiana,3
Quebec,3
Quebec,3
BECAUSE,3
SWIFT,3
BC,3
I-4,3
TNNC,3
WY,3
I-80W,3
IDGAF,3
I-29,3
WORKING,3
AL,3
DACA,3
USACA,3
PIN,3
COLORADO,3
Alberta,3
INSIDE,3
I-76E,3
WHICH,3
RESTRICTION,3
MANUAL,3
FWIW,3
RUSSIAN,3
CAUGHT,3
PARTY,3
I-93,3
LME,3
KY,3
I-26,3
ARCTIC,3
STORY,3
VTC,3
MAGA,3
CAD,3
OK,3
NY,3
ROUND,3
IL,3
I-65,3
DISPATCHERS,3
NS,3
BLIZZARD,3
GIGA,3
CAM,3
Indianapolis,3
USD,3
NEAR,3
Ohios,3
PANJ,3
SCALE,3
NEEDS,3
TALK,3
MD,3
PPE,3
INTERMODAL,3
END,3
COIN,3
NL,3
IllinoisIndiana,3
KING,3
I-40,3
California,3
ON,3
IN,3
YEARS,3
MOVE,3
AMT,3
THINK,3
CO,3
CARB,3
FACTS,3
Kentucky,3
COE,3
REGIONAL,3
SERIOUS,3
I-10,3
BOARD,3
IL,3
KENWORTHS,3
PASSED,3
PILOT,3
I-80,3
PETRO,3
Missouri,3
Tennessee,3
HOME,3
VIN,3
AMAZON,3
OPERATOR,3
MAYBE,3
AMERICAN,3
LAW,3
ON,3
SYSCO,3
WEAR,3
ALERT,3
ONLY,3
VNL760,3
EXACTLY,3
DART,3
ME,3
Texas,3
I-65N,3
YARD,3
Florida,3
DESIGN,3
UT,3
BABY,3
WWII,3
NOLA,3
BRIDGE,3
FAKE,3
SPACE,3
COVID,3
SOLUTION,3
DISPATCHER,3
BORING,3
Washington,3
Oklahoma,3
SHIT,3
WILSON,3
MA,3
ENDORSEMENTS,3
SPEEDING,3
LMAO,3
DEF,3
MAZ-MAN,3
NEW,3
MTVR,3
NORTH,3
MAVERICK,3
HOLLAND,3
JCT,3
CARRY,3
TRANSIT,3
OH,3
NEEDED,3
MONTHS,3
SEND,3
GRANT,3
WOIA,3
NJNY,3
TWIC,3
ABCO,3
MAX,3
ONLY,3
CONNEX,3
ABF,3
I-80E,3
Florida,3
AGAIN,3
MAZAIA,3
INFORMATION,3
HIRING,3
INSURANCE,3
PACCARs,3
ENGINE,3
CIA,3
CVT,3
LGBTQIA,3
DOOR,3
CANNOT,3
BEHIND,3
HUMOR,3
BEING,3
LAZY,3
KARMA,3
GANG,3
MONEY,3
TRAIN,3
Massachusetts,3
DISPATCHING,3
NASHVILLE,3
Florida,3
VIOLATION,3
WARNING,3
I-695,3
NBC,3
STRIKE,3
LICENSE,3
NSW,3
WILD,3
PEE,3
TRAILERS,3
INVESTMENT,3
MOTHERSHIP,3
LOGIN,3
Iowa,3
MATADOR,3
SCAMS,3
NJ,2
CALLING,2
Indiana,2
DISCORD,2
OK,2
Alberta,2
DRIVERS,2
I-635,2
I-88,2
Californias,2
PA,2
CME,2
SKID,2
NC,2
I-74,2
NORTHBOUND,2
INTERSTATE,2
ENERGY,2
THIS,2
Maryland,2
Georgia,2
NEBRASKA,2
MOAR,2
EMERGENCY,2
GOAL,2
TAPETRO,2
CA99,2
TESLA,2
CA,2
LUCKY,2
THIS,2
Oklahoma,2
MONSTER,2
FEAR,2
SWIF,2
IdahoMontana,2
I-8,2
KY,2
FL,2
ENDS,2
Arizona,2
IBC,2
CNC,2
USATX,2
NSFL,2
ALBERTA,2
WALMART,2
THING,2
I-78,2
BEAMS,2
RENTAL,2
HID,2
MO,2
Indiana,2
I-43,2
I-85n,2
Colorado,2
CO,2
ORANGE,2
COMPARISON,2
INC,2
TrukON,2
FINALLY,2
Kansas,2
WINTER,2
NH,2
UNCLE,2
INA,2
UT,2
TRIED,2
STUPID,2
COULD,2
GRAB,2
PAPERWORK,2
ITX,2
CONTACT,2
NE,2
TXDOT,2
TOTALLY,2
AWESOME,2
Oklahoma,2
EVERYTHING,2
SWITCH,2
I-83,2
PASS,2
PET,2
CND,2
AB,2
FLD120,2
HCT,2
DESERVE,2
Texas,2
FLC120,2
SCHOWS,2
MIND,2
TRYING,2
I-5,2
FLC,2
NEMF,2
AKA,2
NM,2
I-90,2
ACTIVE,2
truckTHIS,2
FUBAR,2
DELIVERY,2
NV,2
PETS,2
SLEEPER,2
HIALEAH,2
WALKER,2
USCAN,2
CALIFORNIA,2
WELCOME,2
HITS,2
VNL860,2
Virginia,2
AK,2
Vermont,2
WWYD,2
ICON,2
WANTS,2
RIP,2
I-270,2
OKC,2
DONT,2
MN,2
NYPD,2
UNTIL,2
GIANT,2
NYC,2
CA99,2
OKC,2
IA,2
EVIL,2
ACCIDENTS,2
PART,2
CA-58,2
KCMO,2
BREAKING,2
MOVIE,2
PASSED,2
ALERT,2
I-49,2
Utah,2
SEEKING,2
Oregon,2
CHANNEL,2
AMA,2
RACKIN,2
HONK,2
RIGS,2
BURNING,2
CAOR,2
TRI,2
ALSO,2
CALL,2
GA,2
MED,2
EQUIPMENT,2
PLAYING,2
PSD,2
WI,2
Quebec,2
TN,2
PTSD,2
COE,2
DEEP,2
IA,2
BEWARE,2
MISSING,2
ABB,2
MILLION,2
USAWYMassive,2
OPEN,2
SINISTER,2
OUTSIDE,2
AMERICA,2
COSTCO,2
SWFL,2
CA,2
COVID-19,2
COVIDー19,2
Alabama,2
LETHBRIDGE,2
FARMS,2
Florida-Alabama,2
ORWA,2
TPMS,2
COVID-19,2
KY,2
INDOT,2
ESSENTIAL,2
I-82,2
AMAZING,2
SONG,2
MD,2
ND,2
WIT,2
CA,2
IN,2
CONTRACTORS,2
NKLA,2
SINIRINDA,2
MAZOTUM,2
TON,2
I-10W,2
LouisvilleKY,2
ENDORSEMENT,2
MAFIA,2
MS,2
Georgia,2
Wyoming,2
NC,2
UT,2
CT,2
RI,2
THIRD,2
I-59,2
BC,2
MESS,2
BILL,2
IDAHO,2
NY,2
STOPPED,2
VA,2
RELAX,2
Minnesota,2
INDEPENDENT,2
MAY,2
FORTH,2
ANNOUNCEMENT,2
NEEDED,2
Alaska,2
NTDAW,2
SHOCKING,2
Texas,2
AL,2
PEPSI,2
PERFORMANCE,2
DWAI,2
I-75,2
ROUTES,2
SHUT,2
MASTERS,2
STUDENT,2
ELECTRICHYBRID,2
PROFESSIONAL,2
I-94W,2
AREA,2
PROJECT,2
MA,2
YALL,2
SOLUTIONS,2
OIL,2
ATX,2
NETWORK,2
OWI,2
NB,2
CENTRAL,2
TRANSPORT,2
ARKANSAS,2
GOALs,2
JOIN,2
THANKS,2
Ontario,2
MILE,2
BONUS,2
OPPORTUNITIES,2
EMT,2
VANS,2
AK,2
Wyoming,2
NB,2
CAREFUL,2
TRUTH,2
STORY,2
COMMENT,2
TRIP,2
REMINDER,2
MTU,2
MADE,2
CA,2
YSK,2
OFFICIALLY,2
LICENSED,2
LA,2
MAN,2
FLATBEDS,2
Pennsylvania,2
NCSC,2
NYC,2
KS,2
DEA500,2
I-41,2
DESCARGAR,2
GASOLINA,2
Minnesota,2
NEVER,2
FUTURE,2
NSFW,2
NJTP,2
DEA700,2
NY,2
IDIOTS,2
OUTCALL,2
TICO,2
HI,2
CATs,2
PANTIES,2
COURSE,2
SOMEONE,2
I-16,2
WANTED,2
I-20,2
BUILD,2
ELECTRIC,2
Indiana,2
RUNNER,2
MT,2
THIS,2
Virginia,2
ISNT,2
I-81,2
California,2
DGAF,2
NMAZ,2
PA,2
DEA,2
TVA,2
WRITTEN,2
PERFECT,2
PHYSICAL,2
AZNM,2
DRIVERS,2
SC,2
WY,2
HMA,2
CUMMINS,2
BMI,2
DEVELOPMENT,2
NC,2
STARTER,2
OWNERS,2
NU3DY,2
EMT,2
INTERESTED,2
HINO,2
MAC,2
CTI,2
MOVES,2
MVA,2
INTERIOR,2
COX,2
LAX,2
CONTRACTS,2
NEED,2
GAWR,2
MOUNTAIN,2
NT,2
NSA,2
HOUSTON,2
Vermont,2
Maine,2
MBE,2
HME,2
ARRIVE,2
STARTING,2
NS,2
I-485,2
ALASKA,2
FRIEND,2
TARS,2
HTX,2
KIND,2
FOREVER,2
TRUCKING,2
Texas,2
SHARE,2
GARY,2
CURRENTLY,2
YTB,2
LIMIT,2
Hawaii,2
creditSASNAK,2
TANDEMS,2
IDEAS,2
RANT,2
YOHB,2
THEORY,2
HEMTT,2
Nevada,2
OPEN,2
HIMARS,2
Manitoba,2
TransLGBTQIA,2
IN-44,2
TIN,2
USDOTMC,2
START,2
PUT,2
PHONE,2
BUMPER,2
ORIGINAL,2
ALARM,2
violationTWICE,2
BLANK,2
MINUTES,2
BIMBO,2
MNS1,2
httpsyoutubeT7oUyNMXapU,2
-NEW,2
PARK,2
Florida,2
HIS,2
BREAK,2
WRONG,2
AB5,2
GARMIN,2
HWY,2
FLT,2
ETX,2
FAR,2
ATRI,2
HIRING,2
DDEC,2
CPAP,2
RESPONSIBLE,2
Texas,2
STORE,2
COMPLETELY,2
YALL,2
SPE,2
FOLKS,2
CANV,2
LINE,2
CARS,2
CRISIS,2
PAM,2
FSC,2
PRICES,2
MS-Paint,2
INDUSTRY,2
SCAM,2
BROKERS,2
DALLAS,2
MIRRORS,2
DAILY,2
AZ,2
MTO,2
CARTRUCKMOTORCYCLE,2
QCD,2
Alabama,2
MONDAY,2
DEALS,2
REAR,2
AZCDL,2
ID,2
GUIDE,2
ILLEGAL,2
TIA,2
ATRI,2
Kansas,2
MERV,2
I-39,2
PilotTexas,2
TONS,2
MEGAS,2
USDOT,2
WAIT,2
Alberta,2
PASSING,2
OPEC,2
TRACKING,2
ROOKIE,2
MOMENT,2
STRONG,2
COD,2
-AZ,2
HIM,2
TRANSITION,2
ASDA,2
SALES,2
JAKES,2
DUTY,2
Georgia,2
GUARANTEED,2
WV,2
FUNDING,2
NYC,2
I-65,2
BESIDES,2
NDR,2
I-459,2
SHARK,2
TAYLOR,2
SAIA,2
CPAP,2
BRAND,2
CTB,2
SIDE,2
MOTIVE,2
HORN,2
COC100,2
FACETIME,2
SoFL,2
CANADA,2
ARIthe,2
AWAY,2
OPTIONS,2
RMIS,2
WON,2
ACCELERATING,2
DEDICATED,2
IVECO,2
MID,2
DENSE,2
YORK,2
MELTON,2
SPOTTING,2
EVAP,2
WALL,2
WAIVER,2
KY,2
ROUTE,2
CHIEF,2
QUALITY,2
WNY,2
Alabama,2
QUALITY,2
EPES,2
SOCAL,2
PAYING,2
CONSTANTLY,2
NY-,2
MILK,2
Washington,2
MORONS,2
LUGNUTS,2
PRISON,2
SALE,2
AKC,2
USDT,2
ARRIVAL-REFELECTIVE,1
TAPE,1
YMS,1
PATRIOTS,1
ColumbiaAlbertaSaskatchewan,1
VERIFIED,1
NJDOT,1
LACK,1
COLLISION,1
messNSFL,1
WARNED,1
STRANDED,1
POCONOS,1
PACKAGE,1
DELIVERED,1
RI,1
DRIVER-LESS,1
DOCUMENTARY,1
AZ-87,1
DPFDEF,1
INFOGRAPHIC,1
CO,1
LSD,1
NSW,1
OR58,1
IMO,1
I-310,1
RIP,1
INFRASTRUCTURE,1
PLAN,1
DAILYTRUCKING,1
DAILYTRUCKING,1
카카오톡MAKA555,1
HazMAT,1
RoswellNM,1
Indianapolis,1
QualcommQCOM,1
TRUCKING,1
FORUMis,1
DOING,1
LOADERS,1
SparksNV,1
HOLDERS,1
isNSFW,1
pastNSFW,1
Vermonts,1
ONE,1
FLOATING,1
SIDEWALK,1
Alberta,1
ReddingCA,1
ARRRGH,1
WECHSELLADER,1
PRITSCHE,1
BETONMISCHER,1
MULDE,1
OOIDAs,1
I-95,1
I-5920,1
I-35,1
GALLERY,1
EYRNE,1
TRUTH,1
ALLISON,1
TRANNY,1
RANT,1
FORCED,1
Quebec,1
I-19,1
DUMB,1
MOTHERFUCKER,1
ONE,1
FLIGHT,1
SIMULATOR,1
SIDNEY,1
CAT4,1
MIC,1
HARVEY,1
NFL,1
FLB100,1
HELPOPINIONS,1
HWY-95,1
AFIA,1
California,1
I-10theu,1
OPIATE,1
PANEL,1
LAAAAME,1
CASTING,1
NMP,1
NJ,1
I-476,1
BRAKE,1
BENDIX,1
HWY40,1
BRAAAKK,1
MOISTURE,1
PROTECTION,1
NJMTA,1
HAZWOPER,1
KIDDING,1
ME,1
DACAbe,1
AZCDL,1
SECONDS,1
NEEDED,1
MAZ-543,1
KSLcom,1
MAZ-547E,1
MAZ-547,1
FILs,1
MEXICO,1
APRIL,1
WANTEDSouthern,1
NNJ,1
CASCADIA,1
SaskatoonMOV,1
Michigans,1
ELDORME,1
Florida,1
Ontarios,1
OR-22,1
Idaho,1
COOKIE,1
Oklahoma,1
Indianastay,1
Connecticut,1
USAAZ,1
REEKS,1
ACTION,1
ErieOntario,1
ALFL,1
WVC,1
CHASING,1
JAKE,1
BRAKES,1
I-shift,1
I-405,1
Montana,1
PhotosVIDEO,1
WVVA,1
SHAME,1
DEER,1
PULLING,1
HONEST,1
Montana,1
CASHBACK,1
GAS,1
MTS,1
AZ,1
SWIFT,1
CVOR,1
WIND,1
CRAZY,1
CAMI,1
NVADC,1
I-84,1
Idahos,1
CA,1
WYAlaska,1
CHROME,1
ACCESSORY1ONE,1
NEXTGENERATIONSCANIA,1
MATS,1
I-78,1
uSEILogistics,1
DOING,1
TIME,1
CAMINHÕES,1
EXTREMOS,1
REAL,1
Arizona,1
BCOs,1
SCRA,1
IA,1
SUSPECT,1
WORLDS,1
EXPENSIVE,1
SUPER-LINER,1
VIKING,1
LICENSE,1
GA,1
SCALES,1
PERMANENTLY,1
I-696,1
HIRED,1
stateSCALES,1
BEWARE,1
GERMAN,1
NEWSPAPER,1
DRIVERLESS,1
INFOGRAPHIC,1
RentonWA,1
CanadaAlaska,1
CAT,1
ALL,1
MEGATRANS2018,1
Ohio,1
LITERALLY,1
GTFOH,1
I-57NorthSouth,1
DISPATCHED,1
I-75S,1
Michiganâs,1
I-96,1
PETERILT,1
NEWS,1
FL60,1
MTNDSD,1
VIGILANTE,1
CONTRACT,1
FORCED,1
DISPATCH,1
Wisconsin,1
CAR,1
LOCKOUTMEN,1
AMAA,1
TFLT,1
WANTED,1
I-7076,1
I-196,1
WIDE,1
DOCKS,1
ARMY,1
OUT,1
RELIABILITY,1
I-57,1
I-35E,1
MN-5,1
I-40I-25,1
NSFLMotorcycles,1
HurtsREALLY,1
Alaska,1
FLR,1
ORegon,1
LA-20,1
PA,1
USEILogistics,1
SPO-DEE-O-DEE,1
I-8575,1
TexasLouisiana,1
PAID,1
SEMITRUCK,1
FINE,1
I-70,1
NSFW,1
NCI,1
MONEY,1
Hawaii,1
USEILogistics,1
CTL,1
MA,1
PAMs,1
Wyoming,1
DENVER,1
Michigan,1
WY,1
WANTED,1
DetroitMI,1
Oklahoma,1
IDIOT,1
DRIVERS,1
Californiawhat,1
Virginia,1
Mississippi,1
UNLOADED,1
TRANSFER,1
ENTER,1
WIN,1
Colorado,1
Illinois,1
SEILigistics,1
Massachusetts,1
VIRGINIA,1
PlanoTexas,1
TMSmanagement,1
SUBSCRIBE,1
ORD,1
Pennsylvania,1
INSTALLING,1
TRUCKS,1
HAZMAT,1
CA-High,1
NCAs,1
VA,1
SLIDE,1
USMCA,1
ANONYMOUS,1
SINCERELY,1
TRAINS,1
NYNJCTMANHMA,1
WIPERS,1
Indiana,1
SEVERAL,1
RIN,1
INDY,1
NEPA,1
CPAP,1
HMEs,1
Ontario,1
PORTRAIT,1
Tennessee,1
INPUT,1
NEEDED,1
FOR,1
BOHICA,1
WMO,1
WVO,1
I-80,1
Missouri,1
TONKA,1
DUMB,1
MCT,1
PA-507,1
Mississippi,1
SHALL,1
CAT,1
SCORE,1
VNL740,1
CARB,1
DRIVERS,1
BOARD,1
Maines,1
SEALs,1
MARSOP,1
MDVR,1
SOUTHERN,1
MAP,1
CARDCan,1
Michigan,1
caliOregon,1
GAzelle,1
LOCAL,1
MariartyNM,1
OPINION,1
DriversIndiana,1
TND80,1
PAGE,1
NINETY,1
AB,1
TACO,1
TUESDAY,1
OHINWVPAKY,1
HIGHER,1
PAY,1
I-78,1
I-2059,1
LADD1,1
LADD,1
CARD,1
WIP,1
TX,1
WATER,1
I-15S,1
ARRESTED,1
HAPPENING,1
Quebec,1
SURROUNDED,1
CRIMINALS,1
PACCARKenworth,1
California,1
MemphisTN,1
HoustonTexas,1
SPECIFICALLY,1
SOON,1
WARNING,1
DDECIV,1
FEDEX,1
MinnesotaWisconsin,1
CMA,1
TNI,1
DEJA,1
I-35N,1
YMIR,1
I-84WB,1
I-10,1
CAN1,1
FAAAAALLLLLIN,1
Iowa80,1
MDOT,1
Idaho,1
Oregon,1
BUYING,1
INC,1
I-84E,1
ID,1
RNL,1
I-17South,1
Saskatchewan,1
WORKS,1
GASP,1
Delawareso,1
MATTERS,1
BYPASS,1
Albertas,1
RIDE,1
Texas-Windyoming,1
ND,1
RIDICULOUS,1
RIDES,1
AB22,1
Kansas,1
CONSIDERING,1
TWENTY,1
MEAN,1
OPENED,1
BRAKE,1
I-376,1
VNL780,1
I-495,1
BENJAMIN,1
TRIAL,1
MEGAs,1
TRAILERS,1
OIL,1
Louisianas,1
GTAOntario,1
ISLAND,1
LOLLIGAG,1
AROUND,1
MOKS-92,1
AWESOME,1
Louisiana,1
CT,1
MN,1
MIT,1
I-8090,1
ANNOYING,1
BEEPING,1
STREAMLINE,1
WASA,1
IDK,1
publishersBUT,1
TN,1
WORLDSTAR,1
I-70,1
NV,1
LaredoTX,1
IDK,1
HERITAGE,1
LEGACY,1
PAIm,1
AK,1
LOLA,1
UmmmENJOY,1
HOME,1
PAM,1
CT630,1
WVs,1
I-15x344,1
FLA,1
VNL,1
EDITION,1
TOOK,1
THOMAS,1
LMAOOO,1
THIS,1
NJNY,1
Florida,1
SHIIIIIIIIIIIIIIIIII,1
BRUTAL,1
SONAR,1
thisOBEYING,1
LAW,1
HEALTHY,1
MDCT,1
BROKERS,1
CADoes,1
USANJ,1
WI,1
SHORT,1
I-265,1
CAMERA,1
COMPANY,1
NSFW,1
Alberta,1
ForkWV,1
JohnstownPA,1
TAKING,1
NSFL,1
MAT,1
VNM,1
Texas,1
CWI,1
WANT,1
ONE,1
JOHN,1
Texas,1
MAIL,1
kenworthOilfieldAlberta,1
FIA,1
MichiganNorthern,1
OilTexas,1
LONG,1
WIDE,1
HIGH,1
KetchumID,1
SOVINE,1
PRI,1
ATRI,1
ATRIAmerican,1
KenworthC500Texasbed,1
SUCKS,1
POSSIBILITIES,1
NASCARNHRAMotocross,1
FDNY,1
NYC,1
CAs,1
beenLMAO,1
NSFPublic,1
MD,1
GATS,1
TX,1
WI,1
INFLUENCER,1
SCREW,1
PUCO,1
Ohio,1
CATerpillar,1
OPTIMIZE,1
YUKON,1
MSPACISP,1
TRUCKS,1
MACK,1
NorthOregonPOE,1
OilDEF,1
SMS,1
Virginia,1
ID,1
ROALD,1
ABSAUX,1
NONONONO,1
CONCRETE,1
BARRIER,1
TN,1
OilWMO,1
BLOWOUT,1
LOCAL,1
Georgiaanywhere,1
Nevada,1
httpswwwfacebookcomUTPengineInc,1
MOT,1
Floridas,1
MSRP,1
AB5,1
DRILLING,1
MEPS,1
BROKEN,1
TRAILER,1
NORAD,1
IAmA,1
NONsense,1
USAO-KS,1
ZOLDER,1
ABORD,1
SUSHI,1
AI-Generated,1
CALGARY,1
RESIDENTIAL,1
I-15I-215,1
RANT,1
NM,1
NEWS,1
MTL,1
FORECAST,1
INChelp,1
DEFaholic,1
COP,1
I-480w,1
paOhio,1
LMAO,1
THOR24,1
NJ,1
PLAYOFFS,1
ASDE-X,1
MOFO,1
FLASHY,1
REDDING,1
BOILER,1
PLACE,1
FUWA,1
AZ,1
STARBUCKS,1
COFFEE,1
CARRIERS,1
BROKERS,1
SPMT,1
WRESTLING,1
PREMIX,1
CENTRIFUGE,1
Tennessee,1
TRUCKS,1
MONITOR,1
CAT,1
CelaDONE,1
FOUND,1
EXPLOSION,1
ANIMALS,1
I-55,1
MT,1
DiYTruckCar,1
Iowa-80,1
WSDOT,1
NYC,1
VITYAZ,1
UNION,1
DE,1
DEAD,1
PILEUP,1
INVOLVING,1
CAR,1
HME,1
SERIES,1
AGRI,1
PORTAL,1
THEREAND,1
NC,1
CT660,1
FRACNATION,1
WORLDs,1
LARGEST,1
I-8084,1
I-355,1
PORTABLE,1
PREORDER,1
ArizonaW,1
Idaho,1
HAULIN,1
LARGE,1
FRACCRANE,1
Alberta,1
RAMMING,1
SPEED,1
STREAKING,1
DEFeat,1
TIL,1
FAILWORST,1
CO,1
CAd,1
APPRECIATE,1
WASHERFLUID,1
SEFL,1
OBC,1
I-83,1
NETTS,1
I-71s,1
NON,1
SOLICITATION,1
HORN,1
VIDEO,1
CTs,1
California,1
I-14,1
MAZ-2000,1
I-15,1
Iowa80,1
I-435,1
VIDEO,1
TOTAL,1
LATX,1
COLD,1
INDUSTRIAL,1
TurnpikeI-70,1
Michigan,1
ILIN,1
Alaskas,1
MEGA,1
NYT,1
TRUCKS,1
Wyoming,1
AK-4321,1
Mid-southTN,1
NJ-287,1
VMT,1
BRADENTON,1
AND,1
ALSO,1
ALL,1
COVID19,1
MOVING,1
STARES,1
BARGAIN,1
CIRCA,1
MEMBERS,1
BLOCKS,1
TURNING,1
TELEMEDICINE,1
SINKING,1
SCISSOR,1
DEMO,1
MOU,1
SATX,1
MSP,1
ORVancouver,1
NH,1
NJPA,1
NV,1
COOKING,1
WORD,1
DARN,1
SARS,1
COV,1
truckersGUNS,1
COVID-19,1
NV,1
WANTED,1
NC,1
WA,1
PACCAR,1
MT-200,1
DenverCO,1
IA-21,1
CA-99,1
DELETE,1
NE,1
KENBO,1
DONGBEN,1
FEDERAL,1
MANDATE,1
TORTURE,1
Kentucky,1
ex-MBCI,1
WORKER,1
ONE,1
BCC3D,1
HONORS,1
TX-59,1
I-17,1
QUESTION,1
DallasTX,1
REMOVER,1
HARVESTER,1
INVENTIONS,1
FEMADOT,1
I-91,1
MOTORWORLD,1
TRANSPORTER,1
I-80W,1
CHÀNH,1
INButt,1
Montana,1
httpsyoutube3cCAwzEFjoo,1
VA,1
NCAG,1
CAT,1
fuelDEF,1
NEWS,1
NORCO,1
STOCKS,1
TAKES,1
CCTV,1
HPTNSX,1
WORLD,1
WIDTH,1
VTIQ,1
SUCKS,1
I-469,1
IL,1
FWIW,1
PPE,1
Delaware,1
TACOOOOS,1
NH,1
I-35W,1
I-35E,1
I-94,1
I-394,1
RUNS,1
FYI-,1
Wyomings,1
AZ-CA,1
ACCIDENTS,1
ARK,1
FL70,1
SWIFT,1
Wyoming,1
DUMBASS,1
FHWA,1
HAPNIN,1
LADS,1
SLIPPED,1
MOTHERLOAD,1
PASSENGERS,1
DURING,1
CORONA,1
BASC,1
KYs,1
JUNIPERO,1
HUNDREDS,1
HOUSTONTEXAS,1
INFO,1
VANS,1
FLATBEDS,1
STEPDECKS,1
TRAILERS,1
TANKS,1
TRAILERS,1
HILLS,1
NON-ACD,1
WITHDRAWAL,1
Florida,1
SCAM,1
SC,1
PERSONAL,1
CONVEYENCE,1
ANIMALS,1
Albertans,1
CONTINUES,1
MACHINERY,1
EQUIPMENTS,1
ANYWHERE,1
TERBARU,1
STANDING,1
FUND,1
IN,1
Delaware,1
SalemVA,1
IDORWA,1
FORESTRY,1
GROUND,1
CONVINCE,1
WRONG,1
LONU,1
ROCKS,1
BRENNER,1
MOIL,1
INIL,1
LEDHID,1
FLY,1
COO,1
AZ,1
WMO,1
DMN,1
FIRSTWEIGHORREWEIGH,1
METAL,1
Oregon,1
HIBOY,1
HVUT,1
TRANSPORTERS,1
ASSEMBLE,1
TX,1
AGAIN,1
BCHyder,1
OR-SC,1
AND,1
OKC,1
ORCA,1
AZ,1
CADMV,1
LA,1
KSG,1
NJTP,1
WASHING,1
SMOKEY,1
HAZE,1
YSK,1
NSFW,1
Nebraskaland,1
FLAWLESS,1
VICTORY,1
MODE,1
DEBATE,1
PREEMPLOYMENT,1
HEAR,1
TRANSPORTare,1
TND70,1
OH,1
Wyoming,1
MPCO,1
COKE-COLA,1
SPILLED,1
PINE,1
CAB,1
SPAM,1
DWIs,1
DAMMMIT,1
NC,1
MOIST,1
PRE-TRIP,1
TXHawk,1
SCAMMER,1
Alabama,1
ODFL,1
CONGRATULATIONS,1
California,1
KY-9,1
CITATION,1
Virginia,1
CATIm,1
OK,1
Virginia,1
CONCLUSION,1
DOORS,1
ATN,1
-NY,1
NSFL,1
COLLABORTAION,1
COLLABORTATION,1
Iowa,1
WEEKS,1
THANKSGIVING,1
OPINIONS,1
NJNYCTMANHME,1
HUMBLEHOUSTON,1
I-215,1
ENGINEERING,1
PAOH,1
HoustonTX,1
Texas-bound,1
BADABOOM,1
THIS,1
MIDDLE,1
DEFinitely,1
BEWARE,1
BLACK,1
HOME,1
AZOntarios,1
COEs,1
AshevilleNC,1
KnoxvilleTN,1
HIGHWAY,1
WARNING,1
CHINA,1
MO,1
WIT,1
HEAD-ON,1
COLLISION,1
HOME,1
UPSFEDEX,1
HistoryBUT,1
POWAHHHHH,1
MEAT,1
VNL670,1
NDCs,1
CARRYING,1
VACCINE,1
APPEARS,1
FACTORY,1
VNL,1
MAINLY,1
I-95,1
RIDE,1
Connecticut,1
EARP,1
shippersVNL,1
SNOWSTORM2020,1
CRENGLAND,1
HUMOR,1
I-7175,1
IDK,1
SANTA,1
DAMN,1
DAMN,1
PhillyNYNJ,1
SKILLS,1
CRUSHING,1
WA122,1
VTT,1
AMAZING,1
TheodoreAL,1
RAILROAD,1
TRACKS,1
TNGA,1
CONSERVATIVES,1
COPILOT,1
NorthUT,1
COFFEE,1
WONT,1
TX,1
Nebraska,1
CA,1
MINE,1
Florida,1
ANYWHERE,1
JURUPA,1
VALLEY,1
Maryland,1
SCrew,1
ORIGINAL,1
START,1
CABOVER,1
YEARS,1
OFFICIAL,1
IA,1
FLATBED,1
STEPDECK,1
DRIVERS,1
OPPORTUNITIESOPPORTUNITIES,1
SDC,1
Virginias,1
DECLARATION,1
REALLY,1
PE,1
LIA,1
ORE22,1
WY,1
VIDEO,1
OTCMKTSSGMD,1
BRUTHERS,1
ABILITY,1
IssueVA,1
MONEYJUST,1
PLAY,1
WIMN,1
WACO,1
SHORTAGE,1
TALKS,1
SAINT,1
UTAZ,1
SIL,1
-Texas,1
MAIN,1
MOTORS,1
EIDL,1
BABY,1
TMD,1
Wisconsin,1
TMD,1
GA,1
FSC,1
MTs,1
MSbecause,1
HELLUVA,1
MSTX,1
Oregon,1
PETE,1
CA-TX,1
COWY,1
PA-NJ,1
TSC,1
NMI40,1
Mississippimy,1
TurnpikeI-76,1
AscendTMS,1
AI-powered,1
BID,1
PHONELAPTOP,1
FLlooking,1
SIMULATOR,1
PRETRIP,1
EASBOUND,1
BEYOND,1
HYUNDAI,1
MIGHTY,1
BECOME,1
FINANCING,1
BUYING,1
Texas,1
KYIL,1
STACKS,1
JACKSONVILLE,1
BITCHING,1
Massachusetts,1
PLASTIC,1
California,1
SME,1
SUCKS,1
VIDEOS,1
AFFORDABLE,1
PRICE,1
ANYTIME,1
I-395,1
PROTECTING,1
ORDER,1
KORBEN,1
DALLAS,1
I-81SB,1
i75NB,1
BOPPIN,1
EMAYA,1
BINGO,1
SARS-CoV-2,1
NEJM,1
NCDP,1
DISCO,1
BRINGING,1
DISCO,1
WORLD,1
TOKEN,1
ADVOCATING,1
SOLAR,1
CNTL,1
Wyomingwhat,1
PARTY,1
I-44,1
RMDs,1
I-35s,1
TXOK,1
VIA,1
COREMARK,1
SITUATION,1
BRIDGEPORT,1
ARTN,1
METOO,1
Arkansas,1
AKA,1
arKANSAS,1
FL,1
WIIL,1
REPORTS,1
INDIA,1
ALL,1
INHALE,1
OBTAINING,1
TWIST,1
DOH,1
MERS,1
ANAL,1
USD,1
Virginia,1
NTL,1
EARPEICES,1
HORA,1
USACHICAGO-IL,1
COVID,1
CARFUN,1
ORAL,1
AIDS,1
MSD,1
LASeadrift,1
Missouri,1
FOR,1
TIA,1
COOLING,1
GAS,1
TORQUE,1
ATCA,1
ArizonaCalif,1
CASH,1
I-94US131,1
GLASS,1
SMILE,1
WAIST,1
OFFICIAL,1
VERIFIED,1
ADVENTURE,1
GENTLE,1
SMILE,1
NUDE,1
FOLDING,1
SUCKS,1
HAND,1
PHXLA,1
DTNA,1
httpsyoutubebmTDKSCxelA,1
RALPHS,1
COMPTON,1
LA,1
I-40I,1
THING,1
USAO-SD,1
DEEP,1
INVERTER,1
Michigan,1
USAO-WDTX,1
STORY,1
AB5,1
BOMB,1
TVA,1
RESEARCH,1
Californiayet,1
FourcheSD,1
QUITTING,1
SCREWED,1
CRUNCH,1
DEGREES,1
KIDS,1
ABSOLUTELY,1
DRIVERSOWNER,1
OPERATORSINDEPENDENT,1
JERRITWINCom,1
NY-Newly,1
MISS,1
CONS,1
Tennesseean,1
INCLLCDBA,1
Vermont,1
ANNOUNCES,1
PLANS,1
ALONGSIDE,1
HUMMER,1
CO,1
MTC,1
Indiana,1
OntarioCAN,1
HELPRECOMMENDATIONS,1
RESIDENTS,1
ROTELLA,1
SUPERRIGS,1
SCALE,1
CASADIA,1
NORMAL,1
BLIND,1
DOMINION,1
Alberta-Montana,1
Drivers-SOUTHEAST,1
REGION-423-896-1014,1
SOUTHEAST,1
REGION,1
Georgia,1
ECCO,1
UnitedCignaBCBS,1
EagleCO,1
MIX-UP,1
DRIVER,1
UTIDORWAORIDUTCONMTXLAMSALFL,1
Florida-,1
ICTF,1
IL,1
IDLE,1
MOVER,1
Ontario,1
LARGE,1
MOSES,1
FCKS,1
APPLICANTS,1
RESIDENT,1
EKERI,1
NYC-,1
DEALER,1
AMERICA,1
AUSTRALIA,1
SCtony_lopezpizza,1
ILIA,1
SWIFTLY,1
CEVA,1
LOCKS,1
MBUSA,1
QUESTION,1
MEGATRON,1
TERMINATOR,1
SLAYER,1
SWING,1
MOASS,1
AR-7,1
All-IN,1
FACTORING,1
AUTOBOTS,1
cityMissouri,1
EXAMINER,1
ORLANDO,1
TURNS,1
Indianatill,1
ARM,1
DIDNT,1
CaliforniaInland,1
ANSWERS,1
ONLY,1
TRUCKIN,1
COMMERCIAL,1
INSURANCE,1
OWNING,1
MSHP,1
CAR,1
MOTORCYCLE,1
AUTO-RA231,1
DME,1
httpsyoutubeXaDjSuNMKqQ,1
SMITHR2043,1
GEORGIA,1
OVERDRIVE,1
LAOCIE,1
LamarMO,1
CCWA,1
NWI,1
SeattleWA,1
TWICs,1
ON,1
VNL730,1
PA-UT,1
ACRONYM,1
SDOT,1
KEEPTRUCKIN,1
DEAL,1
vsABF,1
TXReal,1
BELAZ,1
BeachLA,1
LA,1
CANBUS,1
Floridas,1
GAF,1
I-269,1
CA,1
WYO,1
Oklahoma,1
THIS,1
Arizona,1
LA-,1
USDA,1
GFL,1
ICBC,1
BLAIRSVILLEGA,1
HEMMIT,1
TorontoOntario,1
VNL,1
MASSAGE,1
LarchmontNY,1
TRDE,1
RESPECT,1
BLAZEIT,1
XCIENT,1
VNLs,1
WA,1
MSNBCs,1
MERCEDES,1
ACTROS,1
ROADMASTER,1
TAMPAFLORIDA,1
T409SAR,1
VT,1
COMMENTARY,1
TENNESSEE,1
Tennessee,1
GONE,1
I-35W,1
DelawarePennsylvania,1
LICENSE,1
BRUTAL,1
Oklahomas,1
TN,1
I-64,1
OKAY,1
NYS,1
Wisconsin,1
SORRY,1
Wyoming511,1
ALIVE,1
SIGNS,1
DRIVERS,1
Nebraskaand,1
RELAY,1
NebraskaMissouriKansas,1
HALL,1
I-380,1
-NSFW-,1
NC-,1
OPERATORS,1
QUESTIONADVICE,1
PRIME,1
WARNING,1
TRAILER,1
TAKEN,1
VNL780,1
QUESTIONAIRE,1
IRON,1
AURORA,1
MOLINE,1
Vermont,1
I-85S,1
JACKSON,1
COUNTY,1
GENE,1
GAUSSIN,1
RACING,1
DAKAR,1
SHOUT,1
NYC,1
WYOMING,1
ICYMI,1
CAD,1
IndianaIce,1
SID,1
WESTBOUND,1
I-8,1
COMPLIANCE,1
CPA¹s,1
ACT,1
Nevadas,1
GoodlettsvilleTN,1
UNVACCINATED,1
FOREIGN,1
BORDER,1
TURNED,1
LAS,1
VEGAS,1
TROPICANA,1
cHILdReN,1
OCLAIESD,1
Colorado,1
LMTVs,1
Texasonline,1
TWICHAZMZAT,1
SD,1
TXCAGANC,1
PADE,1
IMPORTANT,1
Indiana,1
BrooklynNY,1
FREIGHTELINE,1
LOUISIANNA,1
BASICALLY,1
-NYC,1
PERCENTAGE,1
MENACINGLY,1
ROCOTOPlate,1
OOIDA,1
SKILLSDRIVE,1
DMVOFFICIAL,1
HOLDER,1
MONEY,1
PLENTY,1
ME-26,1
DYIMOD,1
CONVOY,1
FACT,1
MEM,1
HazmatTWIC,1
RIGHTS,1
UNLESS,1
CANADA,1
REALLY,1
CAN,1
ASIAN,1
AFRICAN,1
LATINO,1
CANCELLATION,1
NSAs,1
MONEY,1
CO,1
NMTX,1
ESPECIALLY,1
VA,1
California,1
OhioKY,1
ATTENTION,1
PACK,1
COMPANYTY,1
ADVANCE,1
--INSPIRED,1
WOMEN,1
VIRAL,1
DEF,1
HEARTED,1
SUPRISES,1
AUTISTIC,1
RICHMOND,1
SENATOR,1
Michigan-Canada,1
PETROLEUM,1
ANYWAY,1
EatonOH,1
ERROR-CDL,1
REJECTED,1
TNC,1
STORIES,1
MN,1
MSM,1
HAZMATS,1
CA126,1
CPAs,1
WINNING,1
REQUIRMEMTS,1
OFFICIAL,1
VIDEO,1
BARK,1
SILISESANDERS,1
TAILGATING,1
SCOTT,1
INTAKE,1
KILLED,1
DISABLED,1
WOMAN,1
I-90W,1
ENFORCED,1
PETITION,1
NC,1
B-SIDE,1
ON,1
IMSA,1
AnalORALSquirter,1
CHARGE,1
HWY1,1
VENT,1
NYSDOT,1
CHARGE,1
BILLS,1
LADING,1
NEEDED,1
SWIFT,1
Montana,1
I-10E,1
Nevada,1
SCORE,1
CORPORATE,1
ON,1
IMPATIENT,1
jamTERRIBLER,1
BRIGHTS,1
TRIFECTA,1
httpsyoutubeONUBdmB_ipg,1
BUCKS,1
LimonCO,1
MOMS,1
I-5N,1
TIPPING,1
MATS,1
NYTimes,1
APNEA,1
rConnecticut,1
KamAZ-4911,1
RUSSO-BALT,1
GAZ-42,1
MAB,1
I-5-COJU,1
GAZ-51,1
Illinois,1
UAZ-450D,1
KamAZ-532,1
ALL,1
VAZ-2802,1
GAZ-56,1
GAZ-62,1
GAZ-AAA,1
ZEALAND,1
HAMMER,1
ENTRY-LEVEL,1
Nevada,1
NV,1
NV,1
I-580,1
DRIVER,1
DOUBLESTRIPLES,1
SAMIL,1
WARNING,1
ME,1
DEF,1
ANNOUNCEMENT,1
MoAZ-522,1
MoAZ-522A,1
MAZ-529,1
MoAZ-529,1
WNC,1
STORE,1
MoAZ-40486,1
MoAZ-49011,1
MoAZ-59052,1
MoAZ-6007,1
MoAZ-6014,1
MoAZ-6401-9585,1
MoAZ-6442,1
MoAZ-6442-9890,1
MoAZ-65010,1
MoAZ-69021,1
MoAZ-7405-9586,1
MoAZ-7405-9986,1
MoAZ-7405-99864,1
MoAZ-74051-9586,1
MoAZ-74051-9986,1
MoAZ-74051-99864,1
MoAZ-74051D-9586,1
MoAZ-7503,1
MoAZ-75035,1
MoAZ-75050,1
MoAZ-75054,1
MBZ-014,1
MBZ-114,1
MBZ-214,1
MoAZ-75851,1
MoAZ-7506,1
MoAZ-7508,1
LouisianaNew,1
CO2,1
MoAZ-75850,1
GARZ-3302,1
FMTV,1
DISCUSSION,1
GTX,1
C-PAP,1
I-81,1
STARS,1
CARLOLINA,1
SNL,1
RANDOLPH,1
TGA,1
IL,1
ALOT,1
GMSPO,1
CA,1
DUIDWI,1
I-10w,1
BozrahCT,1
RUNNING,1
RECAPS,1
WIDEMOUTH,1
OthelloWA,1
PHYSICALS,1
HIRING,1
VEHICLE,1
California,1
REMAKE,1
IDIOT,1
CHICAGO,1
IdahoWashington,1
PRE-TRIP,1
WINDY,1
OUTSIDE,1
UFWI,1
MODOT,1
BOOK,1
CAC,1
LAX,1
ROADSCHOOL,1
I-70E,1
GOALS,1
FEELINGS,1
BACKING,1
ECMD,1
Wisconsin,1
FLHSMV,1
WINKLER,1
MANITOBA,1
Utah,1
GIVEAWAY,1
VERSION,1
NTS,1
PAWV,1
OPPORTUNITY,1
IDL,1
CARRIERS-,1
IRONSKILLET,1
COUNTRYPRIDE,1
Illinois,1
MIG,1
QUESTIONCURIOUS,1
NDF,1
QC,1
PortlandOR,1
NOVA,1
Iowas,1
HONK,1
California,1
DTFNBI,1
Marylande,1
SAIA,1
DRILLDRIVER,1
Indiana,1
HIP,1
AVAILABLE,1
WNCAsheville,1
DND,1
httpsyoutubeZCvSBVDZTDE,1
NTP,1
HazmatHME,1
AZHildale,1
STAR,1
HSABANK,1
ACCOUNTS,1
INCALLOUTCALLCAR,1
MIA,1
VAWV,1
CAT-Scales,1
I-710,1
KAMCO,1
SYGMA,1
REMAINING,1
TIME,1
INCREASE,1
REVENUE,1
HI,1
CO-CA,1
NMP,1
MA-28,1
NMPs,1
FORT,1
BITCOIN,1
TRADING,1
PLATFORMS,1
BINARY,1
OPTION,1
PROGRAMS,1
CT,1
countyNY,1
OSHIT,1
SEEMS,1
Texas,1
USCHI,1
WORK,1
I-30w,1
MIN,1
DELAYS,1
WVA,1
COVID,1
TRANSCO,1
PAY,1
midlothianTX,1
OKDOT,1
ATTENTION,1
DRIVERS,1
AFTERMOVIE,1
Texas,1
DRIVER,1
IMMEDIATE,1
HIRE,1
SUPER-TRUCKERS,1
PARKING,1
Oregon,1
LEAVING,1
BAR,1
CHECKING,1
MoreheadKY,1
NSW,1
A-OK,1
SCHOOL,1
INFINITE,1
PEERS,1
FAILING,1
VT-9,1
CaAZ,1
BALKANS,1
EriePA,1
I-95N,1
SPEEDWAYS,1
ArizonaMexico,1
I-57,1
AKAD0008AKAD2010,1
APPRECIATION,1
FTXT,1
UNLIMITED,1
DISCUSSION,1
DOWNSHIFTING,1
ABF,1
ODFL,1
PennsylvaniaOne,1
COST,1
ALREADY,1
AFFECT,1
ALL,1
RID,1
DEFENSIVE,1
CLASSES,1
SINCE,1
AMERICA,1
California,1
SYSCO,1
NSW,1
Nebraska,1
SurreyBC,1
DEFEAT,1
NJ-Do,1
COST,1
EXPENSICVE,1
wAlMArt,1
ACTIVITY,1
PICTURES,1
SWAT,1
LALong,1
Virginia-Pennsylvania,1
USCA,1
BCS,1
TRANS,1
DEAF,1
AB5,1
SMALL,1
BLASTED,1
GRAND,1
MVT,1
FOMO,1
FREIGHTLINER,1
GIANT,1
CANT,1
OUT,1
SOCIAL,1
KNOCKING,1
BUNKS,1
STRICTLY,1
DEFDPF,1
California,1
TexasBornTrucker,1
INSPIRE,1
MEGAFACTORIES,1
LOOKING,1
SHAPE,1
BEAUTIFULSEXY,1
NUT,1
NYS,1
LOOKOUT,1
BANNER,1
NOTHIN,1
NUTTIN,1
RVA,1
Training-OH,1
COPS,1
WHITES,1
ONLY,1
FACT,1
TOMORROW,1
SHITTTTT,1
RESTRICTIONS,1
SocalAZ,1
AZ-72,1
COE,1
Massachusetts,1
OPTIONAL,1
PORTLAND,1
BaxterMN,1
TRUCKVINCom,1
PRICE,1
NSFL,1
FOLDING,1
SELLING,1
LifeGAP-,1
GAP,1
WVs,1
Californiaoceanside,1
WGTN,1
MAND,1
FMS,1
KYU,1
CTDASwift,1
SWIFTS,1
SHIPPERS,1
BROKERS,1
BOOTS-ON-THE-GROUND,1
ABE3,1
TWICE,1
DASHCAMS,1
VERIZON,1
CONNECT,1
FWI,1
Quebec,1
KIA,1
DUMPING,1
PRODUCTION,1
MODS,1
OR-58,1
SWIFT,1
ONLY,1
CHECKPOINT,1
AL,1
CPAPSleep,1
SC,1
Nebraska,1
AWARE,1
SWIFT,1
WINGS,1
GettysburgPA,1
CanadaAK,1
PAC,1
NY,1
CPAP,1
OK,1
Georgiasouthern,1
EARNINGS,1
Californians,1
RichmondVA,1
CAM,1
RECOMMENDATIONS,1
RECENTLY,1
IDOT,1
CONS,1
IAA,1
FAAAAAKKKEHDHEHEHEHJDJCHFJWB3VSHDJJ,1
MVA,1
ONE9,1
WOMEN,1
DWIs,1
WA-TX,1
FLORDIA,1
INCREASES,1
LIMITER,1
SMOKE,1
AZ,1
CAR,1
SWFL,1
I-86,1
VNL780,1
licenseCDLMEDICALDOT,1
DEMO,1
VOCALS,1
AGAIN,1
Californias,1
AUTO,1
Ontario,1
CA-,1
FMA,1
GME,1
WHITE,1
WASHINGTONWA,1
BCO,1
WAMU,1
PAtruckers,1
MONTH,1
HIT,1
Pitt-Ohio,1
PROVIDE,1
MATHESON,1
DRIVERS,1
DEER,1
GCWVR,1
AHI,1
INVALID,1
I-278,1
MONEYY,1
IDLING,1
BASTARD,1
SCHOOLTRAINING,1
GOAL,1
ONBOARDER,1
WIOA,1
CRAWLING,1
OR-58,1
TN,1
NYCNJ,1
EXTREME,1
TEXTING,1
TAILS,1
CAT335,1
fuKENWORTH,1
DEF,1
WIA,1
STEVENS,1
GA,1
AL,1
ABF,1
Pennsylvanian,1
TI-HI,1
LMD,1
REALLLY,1
FL,1
AMARILLO,1
FENCE,1
NYNY,1
ABFYRCother,1
FORMER,1
CHARGED,1
BRIBERY,1
EXTORTION,1
EDUCATION,1
CONFIDENTLY,1
Oregons,1
APPROVAL,1
DEY,1
Tennessee,1
BREAKTHRU,1
I-55,1
WYOMING,1
JacksonvilleFL,1
SCROLLING,1
APAP,1
AMEN,1
MISSED,1
TRAIN,1
GASSCAM,1
PFL,1
SHUTTLE,1
BROKER411,1
BRITISH,1
COLUMBIA,1
SLEEPERS,1
Wyomingi80,1
WINDOW,1
PETA,1
PACCAR,1
FLorida,1
DRAMA,1
I-70,1
HIPAA,1
CHEATING,1
AB,1
RECORDABLE,1
LA,1
FAILURE,1
HIGHBEAMS,1
CHARThi,1
TRUTH,1
ID,1
DAKOTA,1
WHITEOUT,1
TN-Tampa,1
NCCCO,1
CityKS,1
TMO,1
ORWA,1
HIT,1
FMSCAClearinghouse,1
TMS,1
NYPA,1
WINDOWS,1
VirginiaDC,1
SHITHEAD,1
HoustonTX,1
TX,1
CanadaQC,1
LAInland,1
COD,1
Illinois,1
RIG,1
MOUNTED,1
FUNCTION,1
CLEAR,1
YEAR,1
NYE,1
DUPER,1
COLORS,1
NEVADA,1
JOKE,1
FLCascadia,1
GAF,1
EASTBOUND,1
LINGO,1
YEAR,1
NYE,1
California,1
shitFUCKING,1
ALREADY,1
SARMS,1
MAD,1
I-49,1
I-76,1
CPI-Newsy,1
WNY,1
QUESTION,1
DRIVER,1
HOOKUP,1
BRITISH,1
Tennessee,1
ROYALLY,1
RENT,1
StanwoodMI,1
COVID,1
TNI,1
RNLI,1
THIS,1
DONE,1
I-69,1
NEWER,1
ODOTsOhio,1
US165I-49,1
Manitoba,1
ORVancouver,1
IndianapolisIN,1
THINK,1
UTD,1
WANNA,1
PARTS,1
PARK,1
INCONSIDERATE,1
CATS,1
SPACE,1
I-8090,1
END673,1
VernalUT,1
Nevada,1
PA30107,1
BATMAN,1
CLEANER,1
CPAP,1
FMCSAUSDOT,1
STARZ,1
DEVASTATED,1
BRENNTAG,1
HBOMAX,1
WISCONSIN,1
TARNATION,1
LCTC,1
TRICK,1
SeymourIN,1
ASSISTANCE,1
UT-,1
NDCP,1
MT45,1
SYGMA,1
MTCLOL,1
BARELY,1
UPGRADE,1
FLORIDA,1
COOPor,1
SAND,1
I-64,1
MarylandOnly,1
CT,1
BOOKED,1
WORLDWIDE,1
OPENCOMM,1
PICTON,1
VNLs,1
B2601HSD-1,1
DEALERS,1
WWYD,1
IDRC,1
UT-SFCA,1
IllinoisWisconsinIndiana,1
GOVT,1
ENTRANCE,1
CUPCAKES,1
BASTARDS,1
BLINKEY,1
BLINKS,1
HORNY,1
GALON,1
NEWBIE,1
BONEHEAD,1
TMS,1
ENTERS,1
I-295,1
BREAKDOWN,1
IN,1
MEMPHIS,1
GOAL,1
Tennessee,1
HILL,1
FireEMS,1
BCSHearne,1
COULD,1
I-40e,1
ArizonaI,1
AmsterdamNY,1
MEANT,1
LONGER,1
RECRUITINGHIRING,1
OPERATORS,1
HIGHEST,1
NOID,1
FL,1
BOARD,1
THIEVES,1
SIGNING,1
Ohio-gtSLC,1
OFFERING,1
COE,1
IL,1
KNOXVILLE,1
MATS,1
Arizona,1
PRofFessiOnAL,1
DISQUALIFICATION,1
NJTPK,1
DANEUE,1
PEACE,1
STANDSTILL,1
RIDER,1
INTERNATIONAL,1
Ontario,1
I-55s,1
HOMES,1
CALLED,1
ME,1
TN,1
FITTAKE,1
CAM,1
WyomingNebraska,1
PARKING,1
California,1
SLEEPERS,1
SPE,1
TMOBILE,1
INTERNET,1
MAP,1
SCHOOL,1
ESPAR,1
WINDOW,1
CURBSIDE,1
California,1
VIOLENTLY,1
DANES,1
againhttpsimgurcomamgION1v,1
YumaAZ,1
lOOKING,1
NTTS,1
OAL,1
ABSOLUTE,1
KAREN,1
California-,1
MassachusettsConnecticut,1
HAPPENED,1
NJ-Reefer,1
IDENTIFY,1
NYS,1
IowaNothern,1
Saskatchewan,1
MURDER,1
ARMED,1
SUITABLE,1
STARTER,1
Quebec,1
WASPs,1
BLODEN,1
IMMEDIATELY,1
DERATE,1
MINUTES,1
EIN,1
SEASON,1
PESSIMISTIC,1
DIME,1
GeorgiaAlabama,1
YOUTUBE,1
CT660,1
ABFYellow,1
I-135,1
NYC,1
DEDUCTED,1
INSPECTIONS,1
DAMNED,1
DEATHsantis,1
ORGY,1
LIGHTING,1
LOGINS,1
PAMD,1
GOALing,1
Arizona,1
MODEL,1
SFlorida,1
SWIFTY,1
TX-WA,1
Iowa,1
GOAL,1
PAIN,1
Iowa,1
TGA,1
FLATSSTEPSCONESTOGAS,1
MIDWEST,1
LAW,1
SKETCHY,1
Ohio-,1
HazMatTankerTWICdouble,1
BRISKET,1
FIXINS,1
HOLIDAY,1
WEEKEND,1
LAST,1
FEMALE,1
LONELY,1
TOMORROW,1
URGENT,1
DIDNT,1
ENJOY,1
Texas,1
ASKING,1
BronxNY,1
DelawareRemove,1
IRREVOCABLE,1
CITIZENSHIP,1
WILLING,1
MONTHS,1
Pennsylvania,1
TexasNew,1
IL,1
Florida,1
PA,1
MOVED,1
HOPE,1
MISSISSIPPI,1
RIVER,1
BRIDGE,1
TMA,1
Saskatchewan,1
VIDEO,1
VAJRA,1
DTLA,1
ROUTE,1
HARK,1
RANT,1
WANTED,1
SuPEr,1
MoNEy,1
NSFW,1
I-5,1
ImgCreatorAI--Photo,1
ColumbusTX,1
COTCLeavitts,1
ALREADY,1
ATTN,1
BIL,1
HI,1
-Ontario,1
Ontarios,1
DWIs,1
GASC,1
NS,1
TX,1
Connecticuts,1
DRIVAH,1
ROLLERSKATING,1
DRI,1
FRONTLINE,1
SECOND,1
TRUCKING,1
Iowa-80,1
URINE,1
I-75N,1
I-26,1
SWIFT,1
IDKwhat,1
CTThoughts,1
TWIC,1
USDot,1
IN,1
NJ,1
PEA,1
HARVEST,1
REGULATIONS,1
CONTAINER,1
SECUREMENT,1
TIPPER,1
WATERMELONS,1
TRAILER-,1
BAKERSFIELD,1
I-40,1
MI,1
HIRE,1
FELONS,1
PAYED,1
SCHOOL,1
FINISHING,1
CAUS,1
FAIL,1
COD,1
WATCH,1
LEEEEEGAL,1
DETAINED,1
ARGUING,1
I-455,1
Wisconsin,1
ALDOT,1
AAAAAALL,1
PRE-EMPLOYMENT,1
Wyoming-Vegas,1
PICTURED,1
I-395,1
DETROIT,1
ASSURANCE,1
DRIVES,1
INVESTIGATION,1
NT,1
DISPUTE,1
CHICA,1
ENMASCARADA,1
ESPAÑOL,1
SUBTITULADO,1
PORKY,1
WATERBURY,1
RISE,1
BUILT,1
Georgian,1
LAY,1
CPAP,1
UNLOCKED,1
ONLINE,1
MEETING,1
AZNG,1
TX-SH7,1
I-675,1
OregonCDL,1
VIDEO,1
PASS,1
TSD,1
VIN,1
SCNCVA,1
COLLAPSES,1
MISS,1
CanadaQuebec,1
ABQ,1
BONUSES,1
BC,1
CLOSING,1
MENTOR,1
OK,1
REPAIR,1
RECOMMENDS,1
THISme,1
MANUEL,1
RARELY,1
Georgians,1
DC-NYC,1
WERNER,1
RETURNING,1
QCD,1
CONMET,1
BLAME,1
ABNORMAL,1
PrairieTX,1
CAT,1
MIRRORS,1
APEX,1
Idaho,1
EVERYTHING,1
FLD120,1
NJPA,1
QUESTIONS,1
MD-grants,1
ACCIDENT,1
I-39I-90,1
QuestionPA,1
DEMOLISHED,1
NSACAR,1
rNASCAR,1
CO2,1
NONUNIONnorth,1
SHORTLY,1
SEPTEMBER,1
VT-108,1
REFUSING,1
SILVER,1
EUROPEAN,1
JINCYBERSUPPORT,1
SHIPPING,1
DIRECTLY,1
MINIMUM,1
AUTOMATIC,1
INTERNATIONAL,1
BUTTON,1
SERIOUS,1
MVTor,1
MENACINGLY,1
SWIFTy,1
SUNGLASSES,1
REPEATEDLY,1
CRASHING,1
LINEHAUL,1
I-84W,1
POMONA,1
AMASON,1
FELON,1
MD3060,1
EIN,1
TCA,1
ManchesterCT,1
LINE,1
COFFE,1
TROOPERS,1
TELLING,1
DIFFERENT,1
TUPELO,1
MCA,1
Illinois,1
TOXSCREEN,1
rGeorgia,1
MOBIS,1
VNL64T300,1
HUNTER,1
ATLANTA,1
MDs,1
FLEET,1
GAdo,1
OR-Pendleton,1
NEWBIE4,1
SPAMMING,1
SERIOUSLY,1
I-480,1
MRICT,1
SCAN,1
MEN,1
BROKERS,1
TAILORED,1
SMOOTH,1
CHECKS,1
IMPORTANTLY,1
BALLOON,1
PAYMENTS,1
COMFORT,1
INVERTE,1
MEAL,1
INTERLOCK,1
OHP,1
ABS,1
Missouri,1
SUNDAY,1
SCAMS,1
PASCHALL,1
RIG,1
I-494,1
HIRING,1
LEGAL,1
CRAZIEST,1
MYSTERIOUS,1
FLAT,1
ANYMORE,1
MINI,1
AME,1
NTA,1
TONU,1
DEAL,1
ACCODENT,1
FLIPPED,1
DRIVERSHOULDA,1
SC,1
SHORT-TERM,1
VIRTUAL,1
ASSISTANT,1
CA-152,1
CALI,1
DISQUALIFIED,1
PHONE,1
CTA,1
SCAPE,1
FRIDGE,1
CONFIRMED,1
GEAR,1
LANES,1
EMS,1
MANUAL,1
NETTTS,1
SUCKS,1
EMS,1
GEAR,1
NEWS,1
BEWARE,1
NC,1
I-75,1
HIGH,1
OPENING,1
RECRUITMENT,1
Maryland,1
DOYOURPRETRIPS,1
BEAUTIFUL,1
Alberta,1
NY,1
HAPPENS,1
BIDEN,1
Wisconsin,1
NYLong,1
MAN,1
FLY,1
BAR,1
HANDS,1
FAR,1
SUPERFOG,1
Oklahoma,1
KMOX,1
ALERT,1
Quebec,1
GAME,1
WENT,1
CURIOUS,1
SEMIPreplan,1
SPECIAL,1
OTRTEAMS,1
BONDED,1
INTRATEXAS,1
ORT,1
MILE,1
FLATBEDOTR,1
MILE,1
HWY2,1
PORTION,1
SHOPPING,1
dRIVeR,1
CASTING,1
NATIONWIDE,1
KICKING,1
SEND,1
ALONE,1
I-95S,1
TYIA,1
NETTS,1
rUtah,1
PBC,1
DOCKING,1
WAREHOUSE,1
ART,1
ID10T,1
NYCDC,1
WWWTRUCKERSPROTECTIONCOM,1
FAVORITE,1
SCOOP,1
SWING,1
WIDER,1
DAMNIT,1
TAILGATERS,1
SKELTON,1
TRUCKING,1
MOTION,1
YEILD,1
VINs,1
FLU,1
MackMD,1
PhoenixArizona,1
MAUS,1
Ohio,1
STAR,1
VAILD,1
ENGLAND,1
MYCO,1
PERK,1
DEBUFF,1
WONT,1
NOCO,1
REPORT,1
STARLINK,1
Alberta,1
localLASoCal,1
CAMI,1
BaltimoreMD,1
TESTING,1
PENNSYLVANIA,1
CAN,1
SOBECA,1
MERCI,1
CONFIANCE,1
TurnNBurn,1
CAMPING,1
WANTING,1
TRUCKING,1
CRIMINAL,1
HISTORY,1
FELONY,1
MISDEMEANORS,1
Tri-PAC,1
SCP-3899,1
SCP,1
RICH,1
I-24E,1
Oregonwinter,1
WORTH,1
IN,1
AZC,1
LIZARDS,1
MN,1
FOR,1
HIRE,1
Louisiana,1
CHIVAS,1
FLD120,1
REGIONAL,1
RECENT,1
PENNSYLVANIA,1
PID,1
IDENTIFYING,1
REWARD,1
CLUSAZ,1
THONES,1
I-195,1
IndianaOhio,1
BROKERS,1
Montana,1
MSRP,1
OPERATOR,1
IDC,1
Virginias,1
KINGPIN,1
EFFICIENT,1
NJNYC,1
DEFCON,1
SKIMMING,1
PAYCHECK,1
timeFL,1
WRONG,1
HVAC,1
NTSB,1
DOWNLOAD,1
UPSIDE,1
MEAT,1
I-90E,1
THRUWAY,1
I-87,1
COUNTIES,1
FACILITATE,1
OVERPASS,1
REMOVAL,1
RESOLUTION,1
DART,1
HSCO,1
STUPID,1
AWAKE,1
OWI,1
RSC,1
TIME,1
MANS,1
USDT-TRC20,1
NETT,1
NBA,1
NC,1
HoustonTX,1
OHIOCA,1
AZNV,1
WIFI,1
CALAHOO,1
COIL,1
INVEST,1
LIN,1
SMASH,1
CHEEMA,1
DEVIL,1
MaineHow,1
LASIK,1
TYPICAL,1
COMPANY,1
FREELANCE,1
WMT,1
Illinois,1
SSD,1
CAN,1
GENTLEMEN,1
NAME,1
AZ,1
NYE,1
FMLA,1
NT,1
BREAKS,1
FUNDRAISER,1
VNL64T,1
I-70,1
Arkansas,1
MARLBOROUGH,1
IOWAN,1
MISSOURI,1
BLAM,1
I-65N,1
STORM,1
REMAINS,1
EFFECT,1
WEDNESDAY,1
KLINTRA,1
VIOLATIONS,1
THRUWAY,1
PasoTX,1
OPERATOR,1
KENTUCKY,1
MichiganIndiana,1
SIGNS,1
TIME,1
I-5,1
httpsyoutubecomshortsL_xUWVmmQQssi2h81ELEnnrML0SaT,1
DWAI,1
Florida,1
WGAT,1
NDAs,1
ZEALAND,1
DMT,1
STINK,1
NM,1
NY,1
EXACT,1
CARHAULINGJOBS,1
LA,1
NMDOT,1
OHPA,1
ERROR,1
BOARDS,1
HOSTING,1
HEADING,1
BOZMAN,1
TONIGHT,1
BUSINESS,1
SWIM,1
VITAL,1
Ohio,1
httpsyoutubed1uXBJA9Pywsi2tr0SiNLyE6zrkze,1
IPMD,1
ROOKIE,1
HIRING,1
CA,1
PHYSICALdifferent,1
SENSORS,1
GUIDANCE,1
SOMETHING,1
DOR-Compliant,1
METRO,1
Colorados,1
WSDOT,1
INBOX,1
NAMES,1
CATCHING,1
CARDS,1
FLYERS,1
T-SHIRT,1
MAGNET,1
DECALS,1
CARTOON,1
PORTRAITS,1
COOL,1
MobileAL,1
PROTECT,1
Pennsylvania,1
DASHCAM,1
ORT,1
DOMICILE,1
coastNY,1
PAfor,1
I-80,1
CLEARING,1
COVERED,1
Oregon,1
COUNT,1
OFFICIALS,1
TRUCKERCORE,1
DONE,1
ATTENTION,1
SHOULDER,1
HAZMATTSA,1
WAIT,1
I-95,1
S-WAY,1
S-CORP,1
MILES,1
TERRIBLE,1
LAUNDRYDATINGTIME,1
PRIDE,1
LOCATION,1
PANTS,1
SHIDD,1
HIGHWAYS,1
SHITTY,1
I-74W,1
VIVARAIS,1
ALX,1
RONALD0,1
BOYCOTT,1
CHINESE,1
COLLEGE,1
NY,1
DESTROYED,1
MTA,1
INSPECT,1
NJT,1
SCHREECHHHHHHH,1
ALORICA,1
IDs,1
BUSSINESS,1
BOSTON,1
STAYING,1
AWAKE,1
HONSE,1
LINGLONGs,1
I-35,1
LOADERWAY,1
Wyoming,1
ANDREW,1
goWWYD,1
SMART,1
AMBULANCE,1
JONDEAU,1
CLASS,1
PANY,1
BALCON,1
discountsFSC,1
BC,1
RESCUE,1
KSP,1
PRACTICE,1
LIA,1
NJNYPA,1
WAYY,1
COLMAR,1
OR--,1
SASKATOON,1
WARS,1
DEF-cicles,1
CAREER,1
OntarioCanadian,1
COMDATA,1
MountainWY,1
NASHVILLE,1
AREA,1
AMERICAN,1
QUESTION,1
CALIFORNIA,1
KSM,1
ATTENTION,1
STEERING,1
HOLDERS,1
ANYMORE,1
WISH,1
FINISHED,1
TRAINING,1
REALLY,1
AUTOMATED,1
RIg,1
JERKY,1
TrentonNJ,1
NWICHI,1
ABF,1
AI-cameras,1
Manitoba,1
httpswwwredditcomrTruckerBrotherHoodsDxtIUfNTSC,1
SUTTLES,1
INC,1
-FL,1
Alabama,1
DEMOCRACY,1
GOH,1
CDE,1
HVAC,1
SC,1
AGAINNNNNNNNNNNN,1
SPACE,1
MBTA,1
MDS,1
MOVE,1
LINES,1
CORRECTLYBUT,1
I-840,1
NON-CDL,1
WABASH,1
GARAGE,1
NUPI,1
ROUTE,1
HMA,1
THIS,1
CRANKS,1
IN-39,1
Ohiothe,1
HAVING,1
MORNING,1
IdahoColorado,1
LAMURE,1
California18,1
KTLA,1
DISGUSTING,1
MD-FL,1
DECENT,1
BRISTOL,1
SPEEDWAY,1
PEV,1
LAMURE,1
IFUT,1
impossibleNE,1
NLR,1
TRUCKING,1
MASS,1
GAF,1
ZAZ,1
ON,1
OntarioCanada,1
Maryland,1
I-99,1
STX,1
HMD,1
FWY,1
LEGEND,1
BUISNESS,1
TESLASPACE-X,1
DRIVERS,1
URGENT,1
LAPSE,1
CanadianOntario,1
COLLAR,1
SC-FL,1
NYPAOHINIL,1
NavinixUNICORN,1
NAVINIX,1
SHIPLUXE,1
GUNS,1
GUNS,1
GaAL,1
SHIT,1
PalestineTX,1
VIN,1
WORST,1
PACKS,1
I-20,1
httpswwwredditcomrTeslaCamsxPJCC8SKgv,1
FMMMFL,1
SD,1
IL-,1
COOL,1
ILChicago,1
ROMANO,1
PrecheckHAZMAT,1
Indiana,1
USCA,1
FRIEGHT,1
RECOGNIZE,1
SCANIAnot,1
PHILIP,1
LOPEZ,1
REGULAR,1
CAB,1
SHUTDOWN,1
MEXICO,1
Texas,1
MI-,1
RECRUTE,1
SPLAT,1
EXPERIENCE,1
NevadaLas,1
TRENDY,1
I-95,1
AKA,1
STRIKE,1
VA,1
MI,1
TN,1
PEVs,1
INBRED,1
ALT,1
WDYT,1
I-80Park,1
HONKING,1
ROADSIDE,1
SOLUTIONS-Predators,1
Georgia,1
AFL,1
HIV,1
KYTN,1
NYPAMAVTME,1
OUTWARD,1
FACING,1
OregonWashington,1
NJs,1
NEGATIVE,1
Californians,1
NYCs,1
INSTALLATION,1
Connecticut,1
INSANE,1
Florida,1
I-84,1
CTNY,1
MN,1
PRIME,1
FUTURE,1
ORDERED,1
STUPID,1
httpswwwamazoncomdpB0D4ZMY8XXcustomIdB0752XJYNLcustomizationTokenMC_Assembly_123B0752XJYNLth1,1
MCCOOK,1
NEBRASKA,1
TMTs,1
MATCHBOX,1
CAMERA,1
MIL,1
SLAMMING,1
QUESTION,1
Massachusetts,1
OREGON,1
Delaware,1
DEPOSIT,1
MULTIPLE-CUMSPAYMENTS,1
COMPILATIONNNNN,1
VILLAROGER,1
TENNESSEE,1
OUTLAWS,1
PREDATORY,1
BOOTING,1
TOWING,1
QUON,1
TRUCKAMANIA,1
NOSTALGIA,1
Kentucky,1
DTX,1
DATTRUCKSTOP,1
ABUSED,1
LAREDO,1
FREQUENTS,1
SOCAFL,1
Louisiana,1
PA,1
RENT,1
KING,1
CRITICAL-NEW,1
CANEY,1
TND550,1
CA,1
KAMAZ,1
I-8094,1
UT-14,1
SPACES,1
Arkansas,1
PAYY,1
I-205,1
