created_utc,title,score,url
2015-05-20 03:33:26,Truck drivers of reddit. How many miles do you drive in a month?,1,http://www.reddit.com/r/Truckers/comments/36kx1y/truck_drivers_of_reddit_how_many_miles_do_you/
2017-03-15 14:42:06,Ikea drivers living in trucks for months,1,http://www.bbc.com/news/business-39196056
2017-04-23 01:19:10,In the truck,13,https://www.reddit.com/r/Truckers/comments/66zmpu/in_the_truck/
2017-05-15 02:09:03,Work history,5,https://www.reddit.com/r/Truckers/comments/6b7qhp/work_history/
2017-05-22 16:17:34,States you won't drive in ?,3,https://www.reddit.com/r/Truckers/comments/6co84a/states_you_wont_drive_in/
2017-06-10 00:37:25,Haunted Truck Stops?,13,https://www.reddit.com/r/Truckers/comments/6gcf21/haunted_truck_stops/
2017-06-17 21:41:30,What's your favorite boot/footwear?,5,https://www.reddit.com/r/Truckers/comments/6hvzj3/whats_your_favorite_bootfootwear/
2017-06-23 22:06:00,What's your worst parking experience?,9,https://www.reddit.com/r/Truckers/comments/6j4f2l/whats_your_worst_parking_experience/
2017-06-24 00:34:50,What is the worst truck stop to park at?,27,https://www.reddit.com/r/Truckers/comments/6j57lk/what_is_the_worst_truck_stop_to_park_at/
2017-06-25 23:12:44,Drive thu's big enough for trucks?,7,https://www.reddit.com/r/Truckers/comments/6jhf98/drive_thus_big_enough_for_trucks/
2017-07-04 04:30:31,Truck I used to drive in the oilfield.,28,https://i.redd.it/jq2ezs277i7z.jpg
2017-07-14 14:36:35,"Big Truck &amp; Equipment: Bucket Trucks, Crane Trucks, Vacuum Trucks, Sweepers & More.",1,https://www.bigtruckequipment.com/
2017-08-04 15:32:20,Stupid question: what constitutes at truck stop?,9,https://www.reddit.com/r/Truckers/comments/6rl83p/stupid_question_what_constitutes_at_truck_stop/
2017-08-13 06:13:57,What is your favorite and your least favorite thing about trucking?,10,https://www.reddit.com/r/Truckers/comments/6tdlx9/what_is_your_favorite_and_your_least_favorite/
2017-08-21 22:13:23,Fueling truck at truck stop,15,https://www.reddit.com/r/Truckers/comments/6v6j1y/fueling_truck_at_truck_stop/
2017-09-05 14:31:09,Cheap Trucks For Sale - List Of 5 Cheap Trucks And Their Prices,1,http://www.carfly.org/cheap-trucks-for-sale-list-of-5-cheap-trucks-and-their-prices/
2017-10-04 16:37:12,Favorite cities to drive through?,8,https://www.reddit.com/r/Truckers/comments/749ckl/favorite_cities_to_drive_through/
2017-10-04 16:39:30,What is your favorite and least favorite aspect of your job?,2,https://www.reddit.com/r/Truckers/comments/749d58/what_is_your_favorite_and_least_favorite_aspect/
2017-10-06 20:32:55,What is the worst truck stop you've ever visited?,26,https://www.reddit.com/r/Truckers/comments/74qd5w/what_is_the_worst_truck_stop_youve_ever_visited/
2017-10-12 16:27:49,"""12 Most Dangerous Stretches of Highway in NJ""",1,https://www.reddit.com/r/Truckers/comments/75y4ql/12_most_dangerous_stretches_of_highway_in_nj/
2017-10-12 18:58:59,12 Most Dangerous Stretches of Highway in NJ,1,http://www.nj.com/traffic/index.ssf/2017/09/12_most_dangerous_stretches_of_highway_in_new_jersey.html
2017-10-18 16:53:57,What's your favorite trucking term?!,0,https://www.reddit.com/r/Truckers/comments/777we9/whats_your_favorite_trucking_term/
2017-10-22 23:52:04,The Longest Truck In The World Is Pretty Crazy To Look At,8,http://digg.com/video/longest-truck-in-world
2017-11-05 00:50:40,What are your favorite and least favorite states to drive through? Why?,6,https://www.reddit.com/r/Truckers/comments/7auk8t/what_are_your_favorite_and_least_favorite_states/
2017-11-09 01:12:10,Best and worst smelling customers.,6,https://www.reddit.com/r/Truckers/comments/7bpymp/best_and_worst_smelling_customers/
2017-11-17 20:59:36,Best Truck Stops in the PNW?,2,https://www.reddit.com/r/Truckers/comments/7dnxqk/best_truck_stops_in_the_pnw/
2017-12-12 03:43:44,Petro truck stops?,9,https://www.reddit.com/r/Truckers/comments/7j7zps/petro_truck_stops/
2017-12-18 00:06:35,What is the weirdest load that you've ever hauled?,12,https://www.reddit.com/r/Truckers/comments/7khhdd/what_is_the_weirdest_load_that_youve_ever_hauled/
2017-12-31 23:53:34,Truckers of reddit,0,https://www.reddit.com/r/Truckers/comments/7nbwpn/truckers_of_reddit/
2018-01-03 21:30:05,"Truck drivers of Reddit, what's the worst truck stop you've ever been to?",3,https://www.reddit.com/r/AskReddit/comments/7nxtxa/truck_drivers_of_reddit_whats_the_worst_truck/
2018-01-13 14:24:22,No.,70,https://imgur.com/AgnLHo5
2018-01-21 03:12:30,Favorite things in your truck,8,https://www.reddit.com/r/Truckers/comments/7rv9to/favorite_things_in_your_truck/
2018-02-05 22:58:43,Truckers of reddit,2,https://www.reddit.com/r/Truckers/comments/7vitc8/truckers_of_reddit/
2018-02-26 19:48:02,Best scanner for many different trucks?,4,https://www.reddit.com/r/Truckers/comments/80fugk/best_scanner_for_many_different_trucks/
2018-03-09 04:31:28,Best truck stop...,10,https://www.reddit.com/r/Truckers/comments/834128/best_truck_stop/
2018-03-13 16:30:08,"What is the ""dream"" trucker job?",9,https://www.reddit.com/r/Truckers/comments/845hwa/what_is_the_dream_trucker_job/
2018-03-14 09:48:41,Find Loads For Trucks In Dubai,1,https://trukkin.com/truckers-find-loads/
2018-03-17 17:12:46,What's the worst truck stop you've ever been to?,6,https://www.reddit.com/r/Truckers/comments/85549s/whats_the_worst_truck_stop_youve_ever_been_to/
2018-04-23 18:26:47,Watch out for trucks!,0,https://youtu.be/Lu2h4dbGkug
2018-05-03 03:06:51,"I asked Google ""what are the best trucking companies to work for""? And these where the results.",7,https://imgur.com/RlgvltA
2018-05-18 16:11:19,Truck stops.,4,https://www.reddit.com/r/Truckers/comments/8kecqg/truck_stops/
2018-05-24 20:12:15,what‚Äôs the most disappointing truck stop you‚Äôve visited?,14,https://i.redd.it/gvqnmgbk2vz01.jpg
2018-05-26 16:25:37,Whats the worst city to drive a truck in?,2,https://www.reddit.com/r/Truckers/comments/8mb8er/whats_the_worst_city_to_drive_a_truck_in/
2018-05-30 14:14:48,Work flow!!,60,http://imgur.com/peFVn9u
2018-07-02 04:25:32,What's your favorite trucking story??,6,https://www.reddit.com/r/Truckers/comments/8vfu2g/whats_your_favorite_trucking_story/
2018-07-04 01:19:51,What‚Äôs your favorite truck stop franchise?,15,https://www.reddit.com/r/Truckers/comments/8vxmii/whats_your_favorite_truck_stop_franchise/
2018-07-06 14:49:21,What is a truckers responsibility to his/her load? Can I leave it at the truck stop unattended?,7,https://www.reddit.com/r/Truckers/comments/8wkns0/what_is_a_truckers_responsibility_to_hisher_load/
2018-07-07 20:16:02,truckers of reddit,1,https://www.reddit.com/r/Truckers/comments/8ww0b0/truckers_of_reddit/
2018-07-07 20:16:47,Truckers of reddit,1,https://www.reddit.com/r/Truckers/comments/8ww0hq/truckers_of_reddit/
2018-07-08 21:15:59,Why do y‚Äôall hate California?,13,https://www.reddit.com/r/Truckers/comments/8x4tsa/why_do_yall_hate_california/
2018-07-15 02:48:29,What's your favorite sketchy truck stop?,30,https://i.imgur.com/OiktvGU.jpg
2018-07-15 21:13:57,Truckers of Reddit,2,https://www.reddit.com/r/Truckers/comments/8z531x/truckers_of_reddit/
2018-07-27 12:41:09,Truckers of Reddit; 'What is the Worst Truck Stop in USA?',9,https://www.reddit.com/r/Truckers/comments/92c5z2/truckers_of_reddit_what_is_the_worst_truck_stop/
2018-07-28 04:44:07,We've talked about worst truck stops. How about favorites? Millers off Hwy 6 in Utah.,19,https://imgur.com/kqCLltP
2018-07-31 10:23:44,What are some of your favorite places to drive through for scenery? Why are they your favorite?,4,https://www.reddit.com/r/Truckers/comments/93da5c/what_are_some_of_your_favorite_places_to_drive/
2018-08-01 17:55:16,Bath time at the truck stop,33,https://i.redd.it/u6efqdwwsid11.jpg
2018-08-04 00:37:31,Rotational Work,1,https://www.reddit.com/r/Truckers/comments/94f03x/rotational_work/
2018-08-07 14:12:29,Time to get to work,66,https://i.imgur.com/ze9OiGr.jpg
2018-08-31 01:09:46,Diagnostics tools for heavy trucks,0,https://www.reddit.com/r/Truckers/comments/9bp927/diagnostics_tools_for_heavy_trucks/
2018-09-12 15:05:45,What your favorite company incentives.,5,https://www.reddit.com/r/Truckers/comments/9f8jys/what_your_favorite_company_incentives/
2018-09-29 18:06:38,Work =escape,47,https://www.reddit.com/r/Truckers/comments/9jz5e6/work_escape/
2018-10-01 05:17:04,What is the best and worst metropolitan areas to have to drive through and why?,1,https://www.reddit.com/r/Truckers/comments/9kdk20/what_is_the_best_and_worst_metropolitan_areas_to/
2018-10-05 05:10:32,Team work,10,https://www.reddit.com/r/Truckers/comments/9ljfmo/team_work/
2018-10-23 08:28:14,Scrambling onto trucks for a better life,1,https://www.youtube.com/watch?v=Mf76yyTY7Ss
2018-10-23 23:24:00,What are the windshield sizes for most trucks?,2,https://www.reddit.com/r/Truckers/comments/9quaur/what_are_the_windshield_sizes_for_most_trucks/
2018-10-25 15:59:37,"Drivers, Dispatch, and Safety of reddit, what video resources do you find useful or helpful to you or new drivers?",4,https://www.reddit.com/r/Truckers/comments/9rbl8b/drivers_dispatch_and_safety_of_reddit_what_video/
2018-11-02 16:08:25,What is your definition of 'trucker'?,2,https://www.reddit.com/r/Truckers/comments/9tlge4/what_is_your_definition_of_trucker/
2018-11-15 17:47:07,What would you have done?,51,https://www.reddit.com/r/Truckers/comments/9xdf6h/what_would_you_have_done/
2018-11-25 21:01:17,What's your least favorite part about California?,1,https://www.reddit.com/r/Truckers/comments/a0ccej/whats_your_least_favorite_part_about_california/
2018-11-29 20:19:13,Best truck,3,https://www.reddit.com/r/Truckers/comments/a1kz6o/best_truck/
2018-12-18 22:00:37,Back to work I go!,18,https://www.reddit.com/r/Truckers/comments/a7frm3/back_to_work_i_go/
2018-12-21 02:32:48,Would you?,1,https://www.reddit.com/r/Truckers/comments/a85gkm/would_you/
2018-12-30 05:11:41,Is this truck driver at fault?,13,https://v.redd.it/4odo0si4mc721
2019-01-14 22:27:16,What are the worst/best stretches of highway in America?,29,https://www.reddit.com/r/Truckers/comments/ag19u1/what_are_the_worstbest_stretches_of_highway_in/
2019-01-15 00:02:54,Worst stretch of Interstate in America?,1,https://www.reddit.com/r/Truckers/comments/ag28an/worst_stretch_of_interstate_in_america/
2019-01-24 17:42:53,Avoid 40E,2,https://www.reddit.com/r/Truckers/comments/ajewjf/avoid_40e/
2019-02-04 01:28:37,"I work at Coyote, are we the worst?",9,https://www.reddit.com/r/Truckers/comments/amwik1/i_work_at_coyote_are_we_the_worst/
2019-02-12 06:27:27,Most Hated Region (States or Cities) to Drive Through?,8,https://www.reddit.com/r/Truckers/comments/apqcqy/most_hated_region_states_or_cities_to_drive/
2019-02-24 23:07:57,"Truckers of Reddit, how/do you exercise?",11,https://www.reddit.com/r/AskReddit/comments/audjli/truckers_of_reddit_howdo_you_exercise/
2019-03-10 09:18:54,Overfilled Truck Stops,19,https://www.reddit.com/r/Truckers/comments/aze1lm/overfilled_truck_stops/
2019-03-15 17:04:29,Snow clearing machine for trucks!,6,https://v.redd.it/posn0l1wn8m21
2019-03-15 17:23:38,Lightning at the Truck Stop,1,https://imgur.com/a/fXi1d80
2019-03-20 13:55:56,Best and Worst?,3,https://www.reddit.com/r/Truckers/comments/b3cbgh/best_and_worst/
2019-03-24 20:05:15,Parking,8,https://www.reddit.com/r/Truckers/comments/b50tlv/parking/
2019-03-26 14:43:41,Which Truck has the best turn radius?,1,https://www.reddit.com/r/Truckers/comments/b5qjjs/which_truck_has_the_best_turn_radius/
2019-03-29 19:33:26,What do US truckers think of Canadian truckers?,9,https://www.reddit.com/r/Truckers/comments/b71md5/what_do_us_truckers_think_of_canadian_truckers/
2019-04-05 14:02:22,Which company has the cleanest showers for truck stops?,10,https://www.reddit.com/r/Truckers/comments/b9rkhy/which_company_has_the_cleanest_showers_for_truck/
2019-04-19 00:20:50,Love for your trucks?,6,https://www.reddit.com/r/Truckers/comments/besurn/love_for_your_trucks/
2019-04-26 18:29:40,How To Park At A Rest Area?,5,https://www.reddit.com/r/Truckers/comments/bhppwg/how_to_park_at_a_rest_area/
2019-05-02 12:43:02,Dear truck stops...,6,https://www.reddit.com/r/Truckers/comments/bjuhzg/dear_truck_stops/
2019-05-02 21:00:41,Some truck stop wisdom for you.,279,https://i.redd.it/rxqemwtp3vv21.jpg
2019-05-14 11:21:21,Where to work?,2,https://www.reddit.com/r/Truckers/comments/bohmgl/where_to_work/
2019-05-24 19:02:27,LTL work,3,https://www.reddit.com/r/Truckers/comments/bsktbs/ltl_work/
2019-05-27 02:12:09,Terrible to have to work in these conditions!,14,https://i.redd.it/sh7xr3kbxn031.jpg
2019-06-19 05:47:16,Spoiled:had to sleep at a truck stop!,23,https://www.reddit.com/r/Truckers/comments/c2d6fx/spoiledhad_to_sleep_at_a_truck_stop/
2019-06-20 06:36:49,TruckTech+ for Kenworth Medium Duty Trucks,5,https://www.reddit.com/r/Truckers/comments/c2sl7x/trucktech_for_kenworth_medium_duty_trucks/
2019-06-26 01:24:55,Best companies to work for.,2,https://www.reddit.com/r/Truckers/comments/c5ixkh/best_companies_to_work_for/
2019-07-14 21:34:40,Top 5 trucks,0,https://www.reddit.com/r/Truckers/comments/cd8lp9/top_5_trucks/
2019-07-16 06:33:07,Me everytime I drive through a city,1,https://v.redd.it/54qxmbmftja31
2019-07-23 20:13:41,Truck stops and beer?,6,https://www.reddit.com/r/Truckers/comments/cgxt2v/truck_stops_and_beer/
2019-07-29 17:38:27,Trucks are magnets for asshole drivers,11,https://www.reddit.com/r/Truckers/comments/cjejqf/trucks_are_magnets_for_asshole_drivers/
2019-08-02 14:55:26,What is the best rest stop you've been to?,15,https://www.reddit.com/r/Truckers/comments/cl561p/what_is_the_best_rest_stop_youve_been_to/
2019-08-16 12:54:25,Which ones work?,2,https://truckdashcam.net/make-money-from-your-truck/
2019-08-22 11:36:18,Nice work,17,https://i.redd.it/6s3pu51alzh31.jpg
2019-08-29 09:34:50,To early for work,12,https://imgur.com/kPaclee
2019-09-10 12:18:47,Find the best and affordable trucks and truck services in Illawarra,1,https://www.reddit.com/r/Truckers/comments/d26qkc/find_the_best_and_affordable_trucks_and_truck/
2019-09-11 05:31:04,Backed into another truck,8,https://i.imgur.com/v4IWcoS.jpg
2019-10-10 01:01:28,Why do truckers hate hometime.,14,https://www.reddit.com/r/Truckers/comments/dfqinc/why_do_truckers_hate_hometime/
2019-10-17 19:58:18,Resistance Training at the truck stop. üëçüèªüëçüèªWhat‚Äôs your excuse?,220,https://i.imgur.com/zH7hPwM.jpg
2019-11-02 10:21:49,Parking,6,https://www.reddit.com/r/Truckers/comments/dqibbz/parking/
2019-11-12 16:39:23,What's your favorite truck show?,5,https://www.reddit.com/r/Truckers/comments/dvcgky/whats_your_favorite_truck_show/
2019-11-16 15:43:26,The Best and Worst States for Outbound Freight,2,https://www.atbs.com/knowledge-hub/trucking-blog/the-best-and-worst-states-for-outbound-freight?utm_term=the-best-and-worst-states-for-outbound-freight&utm_campaign=The%20Best%20and%20Worst%20States%20for%20Outbound%20Freight&utm_content=email&utm_source=Act-On+Software&utm_medium=email&cm_mmc=Act-On%20Software-_-email-_-The%20Best%20and%20Worst%20States%20for%20Outbound%20Freight-_-the-best-and-worst-states-for-outbound-freight
2019-11-20 23:41:18,GPS for trucks?,3,https://www.reddit.com/r/Truckers/comments/dzaeeb/gps_for_trucks/
2019-11-21 04:22:41,"I saw this thing at the of the truck today, what is it for?",8,https://i.redd.it/ifulz5juuyz31.jpg
2019-11-22 06:50:20,Best truck stops in SoCal,0,https://www.reddit.com/r/Truckers/comments/dzxbob/best_truck_stops_in_socal/
2019-11-26 07:19:01,This is what I like to see at a travel stop. Minilya WA.,3,https://i.redd.it/clarheuvez041.jpg
2019-12-02 13:14:24,Sons of the Highway,1,https://i.redd.it/yv7lzceqz7241.jpg
2019-12-03 19:17:52,Long haul drivers. Favorite state and least favorite state to drive through.,1,https://www.reddit.com/r/Truckers/comments/e5m1bt/long_haul_drivers_favorite_state_and_least/
2019-12-15 18:57:14,Nice Rest Stops,10,https://www.reddit.com/r/Truckers/comments/eb2x2c/nice_rest_stops/
2019-12-15 22:38:37,What interstates do you hate the most?,7,https://www.reddit.com/r/Truckers/comments/eb5xta/what_interstates_do_you_hate_the_most/
2019-12-15 23:08:34,What's the best rest area in the United States?,0,https://www.reddit.com/r/Truckers/comments/eb6bp0/whats_the_best_rest_area_in_the_united_states/
2019-12-22 07:43:23,Imagine seeing this at the truck stop.,4,https://i.redd.it/3vob8dmlk2641.jpg
2019-12-29 05:54:19,American Truckers- what‚Äôs your favorite place in the U.S.A.?,1,https://www.reddit.com/r/Truckers/comments/eh2d3v/american_truckers_whats_your_favorite_place_in/
2019-12-31 03:37:40,truckers of reddit...,1,https://www.reddit.com/r/Truckers/comments/ehx872/truckers_of_reddit/
2020-01-04 22:00:43,Go go,515,https://i.redd.it/4ps08gtq3u841.jpg
2020-01-15 01:49:43,TRUCKER STREAKING AT TRUCK STOP,0,https://vm.tiktok.com/Xn4SCs/
2020-02-01 18:44:06,Whats the best City or town you've been stuck in?,8,https://www.reddit.com/r/Truckers/comments/exal68/whats_the_best_city_or_town_youve_been_stuck_in/
2020-02-02 18:59:11,AVOID I-80,1,https://www.reddit.com/r/Truckers/comments/ext61v/avoid_i80/
2020-02-05 21:13:28,Why box trucks in the city?,4,https://www.reddit.com/r/Truckers/comments/ezgkpu/why_box_trucks_in_the_city/
2020-02-06 04:26:17,Of truck stops and tragedies,30,https://www.reddit.com/r/Truckers/comments/ezmrsi/of_truck_stops_and_tragedies/
2020-02-06 14:02:00,Need work?,1,https://www.reddit.com/r/Truckers/comments/ezsrgq/need_work/
2020-02-12 06:41:40,Scratched a trailer at a truck stop.,6,https://www.reddit.com/r/Truckers/comments/f2n2y8/scratched_a_trailer_at_a_truck_stop/
2020-02-17 15:13:44,Looking for trucks that need loads,1,https://www.reddit.com/r/Truckers/comments/f5a3ab/looking_for_trucks_that_need_loads/
2020-03-02 01:01:04,TRUCKS!!!!,1,https://www.reddit.com/r/Truckers/comments/fc3zbn/trucks/
2020-03-21 19:22:19,SATX Truck Stops,6,https://www.reddit.com/r/Truckers/comments/fmkipo/satx_truck_stops/
2020-03-23 21:25:21,Why do you drive? Or do you even miss driving??,2,https://www.reddit.com/r/Truckers/comments/fnsbfe/why_do_you_drive_or_do_you_even_miss_driving/
2020-03-24 12:15:50,Essential work.,31,https://i.redd.it/55locsfb4mo41.jpg
2020-03-27 03:15:47,Question for ya'll: Why do trucks in some locations (northwest for example) have more axles then trucks elsewhere?,1,https://www.reddit.com/r/Truckers/comments/fppmxk/question_for_yall_why_do_trucks_in_some_locations/
2020-04-09 16:20:23,No Truck Parking,7,https://www.reddit.com/r/Truckers/comments/fxvd96/no_truck_parking/
2020-04-22 03:55:40,Best LTL's to work for?,1,https://www.reddit.com/r/Truckers/comments/g5u6x8/best_ltls_to_work_for/
2020-04-24 14:02:46,no no no,62,https://i.redd.it/cojm4hgnvru41.jpg
2020-04-26 21:50:29,Truck stops,1,https://www.reddit.com/r/Truckers/comments/g8na3e/truck_stops/
2020-04-27 17:45:07,O/O work in western Canada ?,3,https://www.reddit.com/r/Truckers/comments/g95imo/oo_work_in_western_canada/
2020-05-24 21:26:29,Best area to drive,6,https://www.reddit.com/r/Truckers/comments/gpxrfh/best_area_to_drive/
2020-05-27 03:36:05,Where to find older trucks for sale?,5,https://www.reddit.com/r/Truckers/comments/grc1jx/where_to_find_older_trucks_for_sale/
2020-05-27 06:30:19,What are your least favorite things about your job and how do you cope with them?,2,https://www.reddit.com/r/Truckers/comments/grecc6/what_are_your_least_favorite_things_about_your/
2020-06-01 02:14:53,Don't ever stop.,102,https://v.redd.it/l7e9hx3tj7251
2020-06-03 16:50:45,Cities to Avoid?,1,https://www.reddit.com/r/Truckers/comments/gvxjl4/cities_to_avoid/
2020-06-04 23:22:01,What do you love and hate about truck driving?,1,https://www.reddit.com/r/Truckers/comments/gwst45/what_do_you_love_and_hate_about_truck_driving/
2020-06-10 14:32:00,Go go,734,https://i.redd.it/ic0gtj6pf3451.jpg
2020-06-13 13:53:58,Any love for off-highway trucks?,1,https://i.redd.it/qf2avthnno451.jpg
2020-06-22 04:08:02,Is this what parking at truck stops has come to?,45,https://i.redd.it/raadxlgbzd651.jpg
2020-06-29 02:36:41,What's the worst city you've driven in? What made it difficult?,10,https://www.reddit.com/r/Truckers/comments/hhrpwl/whats_the_worst_city_youve_driven_in_what_made_it/
2020-07-15 07:54:44,What was your life or death situation?,10,https://www.reddit.com/r/Truckers/comments/hrjhrk/what_was_your_life_or_death_situation/
2020-07-17 21:55:46,At least the view is nice,1,https://i.redd.it/5b3zzrskohb51.jpg
2020-07-18 07:28:55,#trucker,24,https://i.redd.it/tv9cyb9vikb51.jpg
2020-07-20 20:06:07,A work in progress from the UK ü§©,16,https://i.redd.it/p5dtsvwrj2c51.jpg
2020-07-23 14:43:11,How do you spend your 34 hour reset?,4,https://www.reddit.com/r/Truckers/comments/hwgues/how_do_you_spend_your_34_hour_reset/
2020-07-29 20:02:56,What is your least favorite thing about your truck and your favorite thing about your truck? What else do you wish your truck had or could improve on?,5,https://www.reddit.com/r/Truckers/comments/i07kun/what_is_your_least_favorite_thing_about_your/
2020-08-05 19:15:44,What's your favorite part of being a trucker? What about your least favorite?,1,https://www.reddit.com/r/Truckers/comments/i4bqrh/whats_your_favorite_part_of_being_a_trucker_what/
2020-08-10 22:21:14,"Nikola Secures Order For 2,500 Trucks",1,https://www.thetechie.de/2020/08/nikola-secures-order-of-2500-refuse.html
2020-08-14 04:02:00,"Tennessee , the worst state to drive through....",11,https://www.reddit.com/r/Truckers/comments/i9f13f/tennessee_the_worst_state_to_drive_through/
2020-08-17 00:10:50,Best Truck?,5,https://www.reddit.com/r/Truckers/comments/ib3kz8/best_truck/
2020-08-18 23:14:21,Just had to park a spread axle at a packed truck stop for the first time,15,https://www.reddit.com/r/Truckers/comments/icc2cx/just_had_to_park_a_spread_axle_at_a_packed_truck/
2020-08-19 17:26:27,Trucker,1,https://i.redd.it/yt80kt2nuzh51.jpg
2020-08-22 00:45:55,What are your favorite lanes ?,1,https://www.reddit.com/r/Truckers/comments/ie910w/what_are_your_favorite_lanes/
2020-08-30 02:27:01,Few trucks parked for the night,41,https://imgur.com/JhsHBY2
2020-09-02 18:29:31,Best companies to work with in or near kentucky?,1,https://www.reddit.com/r/Truckers/comments/ilcgdd/best_companies_to_work_with_in_or_near_kentucky/
2020-09-11 17:57:33,What should I have done?,1,https://www.reddit.com/r/Truckers/comments/iqvnyz/what_should_i_have_done/
2020-09-13 18:22:05,"Day driving, or night driving, and why?",9,https://www.reddit.com/r/Truckers/comments/is3k2c/day_driving_or_night_driving_and_why/
2020-09-17 13:22:07,Every time I'm at a truck stop,167,https://i.redd.it/weixmglhlpn51.jpg
2020-09-18 23:36:16,truckers of reddit,2,https://www.reddit.com/r/Truckers/comments/ivh99o/truckers_of_reddit/
2020-09-23 08:23:05,Need work?,1,https://www.reddit.com/r/Truckers/comments/iy67t6/need_work/
2020-09-25 04:58:03,Anybody else go to virtual work after work?,35,https://i.redd.it/diejgjkt68p51.jpg
2020-09-28 17:23:09,What trucks are the best for pulling tanker?,2,https://www.reddit.com/r/Truckers/comments/j1gczm/what_trucks_are_the_best_for_pulling_tanker/
2020-10-02 09:40:37,Any love for Tow Trucks/Wreckers?,133,https://i.redd.it/vc3ijx8ljnq51.jpg
2020-10-04 15:24:30,Truckers of reddit,0,https://www.reddit.com/r/Truckers/comments/j50of9/truckers_of_reddit/
2020-10-14 09:58:41,At the house versus at the truck stop,22,https://i.imgur.com/Gklr0HD.jpg
2020-10-15 16:51:45,What‚Äôs your favorite trailer door,1,https://www.reddit.com/r/Truckers/comments/jbrcl7/whats_your_favorite_trailer_door/
2020-10-16 18:58:51,Through and Through,24,https://v.redd.it/vldbgk3s8ht51
2020-10-22 21:41:40,Work hours,3,https://www.reddit.com/r/Truckers/comments/jg9bqh/work_hours/
2020-11-01 12:50:38,Trucker,1,https://i.redd.it/cwkhy9jskmw51.png
2020-11-05 20:58:30,Best Truck,1,https://www.reddit.com/r/Truckers/comments/joqyg6/best_truck/
2020-11-15 05:13:09,"Truckers, what is the most dangerous stretch of Interstate you know of?",8,https://www.reddit.com/r/Truckers/comments/jugla2/truckers_what_is_the_most_dangerous_stretch_of/
2020-11-21 15:36:39,What the truck...,1,https://www.youtube.com/watch?v=5khAr4sfCMY
2020-11-22 06:59:59,Packed truck stops?,6,https://www.reddit.com/r/Truckers/comments/jyrfi5/packed_truck_stops/
2020-12-04 18:41:22,What's the worst injury you've ever experienced as a truck driver?,7,https://www.reddit.com/r/Truckers/comments/k6qrt3/whats_the_worst_injury_youve_ever_experienced_as/
2020-12-11 14:02:06,Trucker,1,https://www.reddit.com/gallery/kb3bll
2020-12-11 14:05:18,Trucker,1,https://www.reddit.com/gallery/kb3dsp
2020-12-17 05:39:40,Truckers of Reddit,1,https://www.reddit.com/r/Truckers/comments/kereda/truckers_of_reddit/
2020-12-19 02:40:54,Local work,3,https://www.reddit.com/r/Truckers/comments/kfzkh1/local_work/
2020-12-21 08:07:38,Truck stop,24,https://www.reddit.com/r/Truckers/comments/khd0mw/truck_stop/
2020-12-24 03:01:18,Best canadian companies to work for?,3,https://www.reddit.com/r/Truckers/comments/kj7dcl/best_canadian_companies_to_work_for/
2020-12-25 00:40:10,What is the most craziest thing you have seen at a truck stop?,4,https://www.reddit.com/r/Truckers/comments/kjq21v/what_is_the_most_craziest_thing_you_have_seen_at/
2020-12-27 23:43:19,Sunday work!,28,https://i.redd.it/weplzmltvs761.jpg
2021-01-07 02:56:41,34 hour reset,5,https://www.reddit.com/r/Truckers/comments/ks3zj7/34_hour_reset/
2021-01-11 23:16:22,Truck stops,1,https://www.reddit.com/r/Truckers/comments/kverz1/truck_stops/
2021-01-12 01:10:14,I have a thing for trucks.,1,https://www.reddit.com/r/Truckers/comments/kvgvue/i_have_a_thing_for_trucks/
2021-01-12 21:52:04,What truck stop am I at?,2,https://i.redd.it/6l0dh5x33za61.jpg
2021-01-18 05:26:53,Truck drivers of reddit do you hate cyclists?,0,https://www.reddit.com/r/Truckers/comments/kzo241/truck_drivers_of_reddit_do_you_hate_cyclists/
2021-01-22 11:02:15,Weekend work.,1,https://www.reddit.com/r/Truckers/comments/l2lgwz/weekend_work/
2021-02-08 12:49:22,QUESTION About Truck Stops,4,https://www.reddit.com/r/Truckers/comments/lfb3z9/question_about_truck_stops/
2021-02-20 00:16:29,What else have you done?,5,https://www.reddit.com/r/Truckers/comments/lnug2i/what_else_have_you_done/
2021-02-21 01:38:27,trucker,1,https://i.redd.it/uocj81eknpi61.png
2021-03-03 07:10:52,We doin off road pics? How about Arizona,1,https://i.redd.it/sxd3sn9hjrk61.jpg
2021-03-03 07:14:54,We doin off road pics? How about Arizona,53,https://www.reddit.com/gallery/lwnvhh
2021-03-09 01:14:21,Starling for Trucks? MAYBE,1,https://www.theverge.com/2021/3/8/22319761/spacex-starlink-fcc-internet-cars-boats-aircraft
2021-03-09 01:15:04,Starlink for trucks? MAYBE,4,https://www.theverge.com/2021/3/8/22319761/spacex-starlink-fcc-internet-cars-boats-aircraft
2021-03-09 03:35:46,Best truck trailer to buy and where?,1,https://www.reddit.com/r/Truckers/comments/m0xtgk/best_truck_trailer_to_buy_and_where/
2021-03-11 13:59:49,Work Boots,3,https://www.reddit.com/r/Truckers/comments/m2qn4z/work_boots/
2021-03-16 19:21:13,Which state has cheaper insurance?,7,https://www.reddit.com/r/Truckers/comments/m6h12q/which_state_has_cheaper_insurance/
2021-03-23 17:35:56,Whats the worst thing you've ever seen at a truck stop?,1,https://www.reddit.com/r/Truckers/comments/mbk2qe/whats_the_worst_thing_youve_ever_seen_at_a_truck/
2021-03-25 20:14:49,Whats the worst thing you ever saw at a truck stop?,1,https://www.reddit.com/r/Truckers/comments/md7b8b/whats_the_worst_thing_you_ever_saw_at_a_truck_stop/
2021-03-27 22:33:39,What's the worst truck stop you been to?,1,https://www.reddit.com/r/Truckers/comments/meodnv/whats_the_worst_truck_stop_you_been_to/
2021-04-07 02:12:59,Fuel Cards for Trucks and Fleets,1,https://www.reddit.com/r/Truckers/comments/mlrvok/fuel_cards_for_trucks_and_fleets/
2021-04-08 11:39:22,Night work,31,https://www.reddit.com/gallery/mmpvmy
2021-04-22 04:58:08,Whats a good truck?,1,https://www.reddit.com/r/Truckers/comments/mvxnqv/whats_a_good_truck/
2021-05-04 00:09:17,Best truck stops in eastern Washington,2,https://www.reddit.com/r/Truckers/comments/n4bb54/best_truck_stops_in_eastern_washington/
2021-05-10 18:43:51,TMC PARKING SITUATION?,3,https://www.reddit.com/r/Truckers/comments/n9cojs/tmc_parking_situation/
2021-05-14 11:49:30,What is your favorite anime,0,https://www.reddit.com/r/Truckers/comments/nc6pws/what_is_your_favorite_anime/
2021-05-22 10:40:15,Some Swedish trucks for the weekend!,34,https://www.reddit.com/gallery/nifuxo
2021-05-31 16:12:45,Exciting night at the truck stop.,35,https://www.reddit.com/gallery/np7058
2021-05-31 17:02:55,Work hours,2,https://www.reddit.com/r/Truckers/comments/np83fa/work_hours/
2021-06-02 18:26:33,Best Roads in the States?,7,https://www.reddit.com/r/Truckers/comments/nqsm5n/best_roads_in_the_states/
2021-06-03 00:33:51,Walking through the drive through pt2.,157,https://v.redd.it/e8uaxij64y271
2021-06-04 22:26:18,Best/Quirkiest truck stops?,4,https://www.reddit.com/r/Truckers/comments/nsh7zx/bestquirkiest_truck_stops/
2021-06-09 14:28:58,Hello truck drivers of reddit,0,https://www.reddit.com/r/Truckers/comments/nvx9nh/hello_truck_drivers_of_reddit/
2021-06-09 14:30:44,Hello truck drivers of reddit,1,https://www.reddit.com/r/Truckers/comments/nvxb36/hello_truck_drivers_of_reddit/
2021-06-10 17:30:59,I don't want to be a truck driver but I want to drive a truck.,1,https://www.reddit.com/r/Truckers/comments/nwtcyh/i_dont_want_to_be_a_truck_driver_but_i_want_to/
2021-06-16 01:20:03,I backed into a dock today,143,https://i.redd.it/qp8r2xhl4j571.jpg
2021-06-16 16:05:33,Doing Work!,25,https://i.redd.it/qp27d1wjin571.jpg
2021-06-20 13:20:23,What is the reality in becoming a trucker ?,5,https://www.reddit.com/r/Truckers/comments/o45j7x/what_is_the_reality_in_becoming_a_trucker/
2021-06-24 02:18:02,Work pants?,2,https://www.reddit.com/r/Truckers/comments/o6rhsp/work_pants/
2021-06-27 06:15:08,What Is The Least Trucker Friendly State?,14,https://www.reddit.com/r/Truckers/comments/o8rfcj/what_is_the_least_trucker_friendly_state/
2021-06-29 19:41:54,Best and worst companies to drive for,6,https://www.reddit.com/r/Truckers/comments/oafpav/best_and_worst_companies_to_drive_for/
2021-06-29 22:21:28,Trucker to trucker,20,https://www.reddit.com/r/Truckers/comments/oaiyxc/trucker_to_trucker/
2021-07-02 10:06:22,Parking,13,https://www.reddit.com/r/Truckers/comments/oc71iu/parking/
2021-07-11 17:09:11,Top 3 worst places to park? GO!,13,https://www.reddit.com/r/Truckers/comments/oi8cki/top_3_worst_places_to_park_go/
2021-07-15 15:08:04,Why I hate driving in NY.,1,https://v.redd.it/4n9pbjho6eb71
2021-07-18 11:55:48,What‚Äôs The Strangest Thing You‚Äôve Seen at a Truck Stop?,67,https://www.reddit.com/r/Truckers/comments/omp5n0/whats_the_strangest_thing_youve_seen_at_a_truck/
2021-07-28 20:38:41,What‚Äôs your least favorite truck stop ?,7,https://www.reddit.com/r/Truckers/comments/otih78/whats_your_least_favorite_truck_stop/
2021-08-01 02:39:14,Work trucks to do the work the highway princesses cant,0,https://i.redd.it/mga0varnsne71.jpg
2021-08-03 22:28:15,Catch me at the truck stop üñ§,1,https://i.redd.it/f178hs9my7f71.jpg
2021-08-05 03:48:12,Where do you park your truck at home?,2,https://www.reddit.com/r/Truckers/comments/oy9i0b/where_do_you_park_your_truck_at_home/
2021-08-05 15:46:22,and,1,https://www.reddit.com/r/Truckers/comments/oyl4g1/and/
2021-08-09 19:05:11,Work history,3,https://www.reddit.com/r/Truckers/comments/p183dn/work_history/
2021-08-25 13:04:01,What‚Äôs your favorite and least favorite place you deliver?,14,https://www.reddit.com/r/Truckers/comments/pbasdv/whats_your_favorite_and_least_favorite_place_you/
2021-08-29 23:20:26,What‚Äôs your favorite and least favorite,15,https://www.reddit.com/r/Truckers/comments/pe664r/whats_your_favorite_and_least_favorite/
2021-09-02 14:31:36,Couples showering at truck stop,8,https://www.reddit.com/r/Truckers/comments/pgj28s/couples_showering_at_truck_stop/
2021-09-11 21:25:26,Parking,5,https://www.reddit.com/r/Truckers/comments/pmfr99/parking/
2021-09-17 21:55:30,OTR Drivers. Which state do you feel is the most trucker friendly? Which one is the least?,3,https://www.reddit.com/r/Truckers/comments/pq9p4k/otr_drivers_which_state_do_you_feel_is_the_most/
2021-09-24 06:59:13,What to and where to look for local work.,4,https://www.reddit.com/r/Truckers/comments/pueee2/what_to_and_where_to_look_for_local_work/
2021-09-27 16:41:53,Is the trucker shortage real?,25,https://www.reddit.com/r/Truckers/comments/pwl1e5/is_the_trucker_shortage_real/
2021-09-28 04:04:10,Best company to work for in central US?,3,https://www.reddit.com/r/Truckers/comments/pwy768/best_company_to_work_for_in_central_us/
2021-10-03 15:16:27,At least the view is nice...,58,https://imgur.com/QMJE9kQ.jpg
2021-10-03 15:35:18,"If a driverless truck is involved in an at-fault accident, who is at fault? The trucking company? The software vendor?",32,https://www.reddit.com/r/Truckers/comments/q0k4oq/if_a_driverless_truck_is_involved_in_an_atfault/
2021-10-05 22:48:07,Which state is the best for the truck business?,4,https://www.reddit.com/r/Truckers/comments/q27ljr/which_state_is_the_best_for_the_truck_business/
2021-10-06 01:40:53,Parking,8,https://www.reddit.com/r/Truckers/comments/q2affc/parking/
2021-10-07 15:24:59,No parking? No problem,32,https://imgur.com/zxH0SLu
2021-10-12 13:33:32,Anywhere to park at the Daytona speedway?,8,https://www.reddit.com/r/Truckers/comments/q6mal9/anywhere_to_park_at_the_daytona_speedway/
2021-10-13 11:28:39,What is the shittiest place you've visited?,21,https://www.reddit.com/r/Truckers/comments/q794ae/what_is_the_shittiest_place_youve_visited/
2021-10-14 00:54:19,What is the BEST place you've visited?,2,https://www.reddit.com/r/Truckers/comments/q7ou6a/what_is_the_best_place_youve_visited/
2021-10-14 14:15:59,What are the best Conestoga fleets out there to work for?,2,https://www.reddit.com/r/Truckers/comments/q80mjr/what_are_the_best_conestoga_fleets_out_there_to/
2021-10-15 06:21:16,just curious what's the longest time you've driven?,3,https://www.reddit.com/r/Truckers/comments/q8ibjt/just_curious_whats_the_longest_time_youve_driven/
2021-10-19 20:22:00,What is the worst thing you've had to haul?,9,https://www.reddit.com/r/Truckers/comments/qbk207/what_is_the_worst_thing_youve_had_to_haul/
2021-10-27 15:15:52,Used trucks for sale!!!,1,https://www.reddit.com/r/Truckers/comments/qgyzv8/used_trucks_for_sale/
2021-11-02 08:07:51,Going to a rest area with doubles?!,2,https://www.reddit.com/r/Truckers/comments/qkzg2d/going_to_a_rest_area_with_doubles/
2021-11-04 17:41:10,Best truck stops in CA‚Ä¶?,6,https://www.reddit.com/r/Truckers/comments/qmq3bw/best_truck_stops_in_ca/
2021-11-12 01:10:37,Truck stop,10,https://www.reddit.com/r/Truckers/comments/qrzukg/truck_stop/
2021-11-12 15:14:21,What is your favorite landscape to drive through?,8,https://www.reddit.com/r/Truckers/comments/qsdasi/what_is_your_favorite_landscape_to_drive_through/
2021-11-13 13:45:28,What's the best and worst places you have done a 34 hour reset?,65,https://www.reddit.com/r/Truckers/comments/qt1kb3/whats_the_best_and_worst_places_you_have_done_a/
2021-11-15 00:03:47,want to go o/o,34,https://www.reddit.com/r/Truckers/comments/qu34id/want_to_go_oo/
2021-11-17 06:43:16,Trucks for overload applications(50t - 100t),2,https://www.reddit.com/r/Truckers/comments/qvt80y/trucks_for_overload_applications50t_100t/
2021-11-18 01:37:32,These are the best rest stops,74,https://i.redd.it/p7sz2ge0d9081.jpg
2021-11-18 03:01:24,Where‚Äôs the best and worst place you‚Äôve taken a 34?,22,https://www.reddit.com/r/Truckers/comments/qwg13l/wheres_the_best_and_worst_place_youve_taken_a_34/
2021-11-19 14:06:38,Renting trucks for routes,1,https://www.reddit.com/r/Truckers/comments/qxgxdw/renting_trucks_for_routes/
2021-11-19 20:26:56,Is it possible to job and exercise at the truck stops at the end of the day?,2,https://www.reddit.com/r/Truckers/comments/qxos2e/is_it_possible_to_job_and_exercise_at_the_truck/
2021-11-20 03:31:37,Whats the best engine for a truck?,3,https://www.reddit.com/r/Truckers/comments/qxwsbs/whats_the_best_engine_for_a_truck/
2021-11-23 01:15:01,Load boards for dump trucks,1,https://www.reddit.com/r/Truckers/comments/r017f3/load_boards_for_dump_trucks/
2021-11-25 01:29:23,What are some of the most dangerous roads in America?,12,https://www.reddit.com/r/Truckers/comments/r1kjok/what_are_some_of_the_most_dangerous_roads_in/
2021-12-01 00:48:36,Where to get training and work?,0,https://www.reddit.com/r/Truckers/comments/r625qg/where_to_get_training_and_work/
2021-12-06 23:58:45,Prisoner of The Highwayü§†,5,https://youtu.be/FIAgFu--1PM
2021-12-10 04:25:06,Why is there a weed shop at the truck stop?,4,https://i.redd.it/o8o5uyly6n481.jpg
2021-12-13 15:45:24,Look at what California is doing to truck drivers now,1,https://www.reddit.com/r/Truckers/comments/rfilmk/look_at_what_california_is_doing_to_truck_drivers/
2021-12-22 16:42:20,What are Truckers Interested in Outside of Work?,10,https://www.reddit.com/r/Truckers/comments/rm9436/what_are_truckers_interested_in_outside_of_work/
2021-12-24 16:08:12,Any love for brick trucks?,81,https://www.reddit.com/gallery/rnp90t
2021-12-29 04:15:17,What‚Äôs your least favorite highway to drive?,15,https://www.reddit.com/r/Truckers/comments/rqyvf7/whats_your_least_favorite_highway_to_drive/
2022-01-06 19:26:14,Which LTLs have the best work-life balance?,1,https://www.reddit.com/r/Truckers/comments/rxmomc/which_ltls_have_the_best_worklife_balance/
2022-01-07 16:11:09,Truckers of Reddit:,1,https://www.reddit.com/r/Truckers/comments/ryaxkv/truckers_of_reddit/
2022-01-07 20:20:39,Driving trucks for cash,1,https://www.reddit.com/r/Truckers/comments/rygumd/driving_trucks_for_cash/
2022-01-10 04:42:39,How can I live in NYC and work in trucking?,1,https://www.reddit.com/r/Truckers/comments/s0bbc6/how_can_i_live_in_nyc_and_work_in_trucking/
2022-01-11 21:36:45,European Trucker wanting to work in the US,8,https://www.reddit.com/r/Truckers/comments/s1obsf/european_trucker_wanting_to_work_in_the_us/
2022-01-12 02:37:09,How does your work schedule work?,6,https://www.reddit.com/r/Truckers/comments/s1uzw1/how_does_your_work_schedule_work/
2022-01-16 08:23:17,Which city has the best city skyline view from the road?,4,https://www.reddit.com/r/Truckers/comments/s57b5e/which_city_has_the_best_city_skyline_view_from/
2022-01-26 23:18:36,Can Canadians truck drivers get U.S work visa to work and live in U.S?,2,https://www.reddit.com/r/Truckers/comments/sdjg26/can_canadians_truck_drivers_get_us_work_visa_to/
2022-02-03 15:27:32,"Question, What's needed for the ports you've been to?",1,https://www.reddit.com/r/Truckers/comments/sjlyw7/question_whats_needed_for_the_ports_youve_been_to/
2022-02-08 00:59:20,Best place to look for trucks to buy?,6,https://www.reddit.com/r/Truckers/comments/sn6i7m/best_place_to_look_for_trucks_to_buy/
2022-02-12 05:37:58,This is the truck my dad is driving at DRT Damorange,53,https://i.redd.it/hwvpa718ach81.jpg
2022-02-12 22:46:02,Worse truck stop / park dock you don't want to ever go.,27,https://www.reddit.com/r/Truckers/comments/sr3d9d/worse_truck_stop_park_dock_you_dont_want_to_ever/
2022-02-13 22:46:41,What are your top 5 favorite truck stops?,6,https://www.reddit.com/r/Truckers/comments/srv8x4/what_are_your_top_5_favorite_truck_stops/
2022-02-17 15:26:46,1099 work,1,https://www.reddit.com/r/Truckers/comments/sure7r/1099_work/
2022-02-19 02:09:14,What is the best smelling state?,13,https://www.reddit.com/r/Truckers/comments/svytb5/what_is_the_best_smelling_state/
2022-02-21 09:48:16,Do you have a favorite/least favorite areas to drive OTR/regional? Any best/worst local cities to drive locally?,3,https://www.reddit.com/r/Truckers/comments/sxpro3/do_you_have_a_favoriteleast_favorite_areas_to/
2022-03-12 16:04:49,34 Hour Reset Confusion,40,https://i.redd.it/yg6ecsek7zm81.jpg
2022-03-14 06:47:47,Local work,1,https://www.reddit.com/r/Truckers/comments/tdr809/local_work/
2022-03-24 21:08:04,34 hour reset at home,3,https://www.reddit.com/r/Truckers/comments/tn4vv6/34_hour_reset_at_home/
2022-03-31 16:01:50,What is the best vendor to work with for ELD and dispatch,1,https://www.reddit.com/r/Truckers/comments/tt30wr/what_is_the_best_vendor_to_work_with_for_eld_and/
2022-04-04 17:12:18,Which states are best to drive/work in?,6,https://www.reddit.com/r/Truckers/comments/tw7caz/which_states_are_best_to_drivework_in/
2022-04-06 13:56:27,Drivers! What's the hardest dock you've ever backed into?,31,https://www.reddit.com/r/Truckers/comments/txmrhg/drivers_whats_the_hardest_dock_youve_ever_backed/
2022-04-09 00:37:14,Where is the best place to work? I have 9 months experience and work for JB hunt on the Amazon dedicated account.,1,https://www.reddit.com/r/Truckers/comments/tzhhuj/where_is_the_best_place_to_work_i_have_9_months/
2022-04-09 10:28:28,Paccar Engine Production For American trucks,5,https://youtu.be/dUssZERDptc
2022-04-09 23:52:53,what truck stops have the best prostitutes,0,https://www.reddit.com/r/Truckers/comments/u05hdh/what_truck_stops_have_the_best_prostitutes/
2022-04-13 14:35:09,What is your favorite trucker station?,1,https://www.reddit.com/r/Truckers/comments/u2rqcu/what_is_your_favorite_trucker_station/
2022-04-18 11:23:40,Is it unsafe to be parked at a truck stop and regen?,23,https://www.reddit.com/r/Truckers/comments/u6atg1/is_it_unsafe_to_be_parked_at_a_truck_stop_and/
2022-04-25 05:09:33,Work,1,https://www.reddit.com/r/Truckers/comments/ubddob/work/
2022-04-27 14:53:01,Work Help,1,https://www.reddit.com/r/Truckers/comments/ud5evg/work_help/
2022-05-07 21:47:40,What is your favorite road to drive?,7,https://www.reddit.com/r/Truckers/comments/ukn7q3/what_is_your_favorite_road_to_drive/
2022-05-12 22:44:40,What are your favorite and least favorite commodities to haul and why?,9,https://www.reddit.com/r/Truckers/comments/uodd8f/what_are_your_favorite_and_least_favorite/
2022-05-13 19:01:55,Which type of work in the trucking industry do you feel is the best to get into today and why?,5,https://www.reddit.com/r/Truckers/comments/uoyso3/which_type_of_work_in_the_trucking_industry_do/
2022-05-21 13:33:58,Where‚Äôs the tightest orworst place you‚Äôve had to deliver or pick up?,1,https://www.reddit.com/r/Truckers/comments/uun8ni/wheres_the_tightest_orworst_place_youve_had_to/
2022-05-21 13:34:47,Where‚Äôs the tightest or worst place you‚Äôve had to deliver or pickup?,10,https://www.reddit.com/r/Truckers/comments/uun97o/wheres_the_tightest_or_worst_place_youve_had_to/
2022-05-24 08:26:09,Foreigner looking to work in USA,3,https://www.reddit.com/r/Truckers/comments/uwm05k/foreigner_looking_to_work_in_usa/
2022-05-25 02:33:59,What are the best companies to work for in the PNW?,2,https://www.reddit.com/r/Truckers/comments/ux7em5/what_are_the_best_companies_to_work_for_in_the_pnw/
2022-05-31 03:48:37,where's the tightest place you've delivered?,48,https://i.redd.it/m782cht8hq291.jpg
2022-06-06 02:18:59,What‚Äôs your favorite meals for your 30s?,4,https://www.reddit.com/r/Truckers/comments/v5shbg/whats_your_favorite_meals_for_your_30s/
2022-06-09 20:16:00,What‚Äôs the best company to work for ?,1,https://www.reddit.com/r/Truckers/comments/v8pt80/whats_the_best_company_to_work_for/
2022-06-10 19:58:46,Drivers at what price for a gallon of fuel would you park your truck. Just saw the first station on my ride down 301s in Florida at 6.17 a gallon. What more is it going to take for trucks to stop?,1,https://www.reddit.com/r/Truckers/comments/v9g5ir/drivers_at_what_price_for_a_gallon_of_fuel_would/
2022-06-11 21:35:00,Favorite Place I've Driven - Upper Peninsula,48,https://www.reddit.com/gallery/va7501
2022-06-16 01:36:37,Truck stops,1,https://www.reddit.com/r/Truckers/comments/vdaalc/truck_stops/
2022-06-17 21:45:15,Truck stops to avoid?,30,https://www.reddit.com/r/Truckers/comments/veqx6t/truck_stops_to_avoid/
2022-06-18 11:54:22,What has been the worst city to drive-through for you?,56,https://www.reddit.com/r/Truckers/comments/vf4ntl/what_has_been_the_worst_city_to_drivethrough_for/
2022-06-23 08:53:01,Truck Stop,8,https://www.reddit.com/r/Truckers/comments/visdmt/truck_stop/
2022-07-02 02:32:06,what's your favorite Bluetooth headset?,1,https://www.reddit.com/r/Truckers/comments/vphgs4/whats_your_favorite_bluetooth_headset/
2022-07-02 17:57:27,Work flow,20,https://www.reddit.com/gallery/vpxbwz
2022-07-08 02:24:14,I‚Äôm a prisoner of the highway,1,https://www.reddit.com/r/Truckers/comments/vtzqdt/im_a_prisoner_of_the_highway/
2022-07-09 02:28:05,What's the best truck to climb 5 and 6% grades?,3,https://www.reddit.com/r/Truckers/comments/vurdra/whats_the_best_truck_to_climb_5_and_6_grades/
2022-07-10 18:30:56,I81S is at a standstill from at least MM96,6,https://www.reddit.com/r/Truckers/comments/vvxs65/i81s_is_at_a_standstill_from_at_least_mm96/
2022-07-11 17:39:25,Which state has the worst mountains to drive?,3,https://www.reddit.com/r/Truckers/comments/vwo74w/which_state_has_the_worst_mountains_to_drive/
2022-07-13 20:56:29,Margin for trucks backing into a dock?,1,https://www.reddit.com/r/Truckers/comments/vydobp/margin_for_trucks_backing_into_a_dock/
2022-07-25 06:43:57,Trucker,1,https://www.reddit.com/r/Truckers/comments/w7hpvk/trucker/
2022-07-27 16:26:15,What's your favorite truck stop?,1,https://www.reddit.com/r/Truckers/comments/w9j5v3/whats_your_favorite_truck_stop/
2022-07-28 14:05:37,Regen at a truck stop,7,https://www.reddit.com/r/Truckers/comments/waave7/regen_at_a_truck_stop/
2022-08-02 14:06:31,Work in Europe (Truck driver's),5,https://www.reddit.com/r/Truckers/comments/weclgc/work_in_europe_truck_drivers/
2022-08-03 16:34:20,What's the roughest road you've driven?,1,https://www.reddit.com/r/Truckers/comments/wfb746/whats_the_roughest_road_youve_driven/
2022-08-04 11:49:28,I don‚Äôt want to move,190,https://www.reddit.com/r/Truckers/comments/wfz7a6/i_dont_want_to_move/
2022-08-10 18:32:57,Truck stops,5,https://www.reddit.com/r/Truckers/comments/wl4yxj/truck_stops/
2022-08-13 14:53:14,What are The Best and Worst States to Deal with DOT and Weigh Stations?,10,https://www.reddit.com/r/Truckers/comments/wngd8i/what_are_the_best_and_worst_states_to_deal_with/
2022-08-14 04:49:08,States with best/worst rest stops?,8,https://www.reddit.com/r/Truckers/comments/wnxsh4/states_with_bestworst_rest_stops/
2022-08-16 11:45:05,Work üëåüèΩ,29,https://i.redd.it/d2ik57kcc2i91.jpg
2022-08-17 02:50:48,Ambest Truck Stops?,4,https://www.reddit.com/r/Truckers/comments/wqdhdj/ambest_truck_stops/
2022-08-17 16:22:53,Worker flees to the top of a truck to avoid bears,10,https://cdllife.com/2022/video-worker-flees-to-the-top-of-a-truck-to-avoid-bears/?amp=#amp_tf=From%20%251%24s&aoh=16607478815322&csi=0&referrer=https%3A%2F%2Fwww.google.com
2022-08-17 18:09:32,FL Mom and Pop Truck Stops,1,https://www.reddit.com/r/Truckers/comments/wqvtwf/fl_mom_and_pop_truck_stops/
2022-08-18 15:13:54,Best job and truck in the world,4,
2022-08-18 16:00:29,Best job and truck in the world üá∫üá∏üá∫üá∏,207,https://i.imgur.com/HUjgsn1.jpg
2022-08-19 01:20:52,Best states to drive thru?,10,https://www.reddit.com/r/Truckers/comments/ws0llh/best_states_to_drive_thru/
2022-08-22 19:23:53,Anyone pull for Cloud Trucks,2,https://www.reddit.com/r/Truckers/comments/wv2mps/anyone_pull_for_cloud_trucks/
2022-08-23 05:12:35,34 reset,9,https://www.reddit.com/r/Truckers/comments/wvfz2y/34_reset/
2022-08-25 16:46:03,Parking?,3,https://www.reddit.com/r/Truckers/comments/wxj43j/parking/
2022-08-26 15:50:40,Which city/state do you hate driving through the most and why?,47,https://www.reddit.com/r/Truckers/comments/wyco8p/which_citystate_do_you_hate_driving_through_the/
2022-08-26 19:01:46,"Which city/state do you enjoy driving through the most, and why?",8,https://www.reddit.com/r/Truckers/comments/wyhc8x/which_citystate_do_you_enjoy_driving_through_the/
2022-09-11 15:49:53,34 reset,2,https://www.reddit.com/r/Truckers/comments/xblye6/34_reset/
2022-09-15 17:23:16,Work in the port of Oakland and Twicc card.,1,https://www.reddit.com/r/Truckers/comments/xf2hl1/work_in_the_port_of_oakland_and_twicc_card/
2022-09-17 18:15:22,What is your favorite state to drive through?,8,https://www.reddit.com/r/Truckers/comments/xgtl5s/what_is_your_favorite_state_to_drive_through/
2022-09-19 00:54:09,Port work,1,https://www.reddit.com/r/Truckers/comments/xhxd7m/port_work/
2022-09-19 18:12:43,Canadian Trucker to work in the US,2,https://www.reddit.com/r/Truckers/comments/xik21f/canadian_trucker_to_work_in_the_us/
2022-09-24 04:47:28,What states to tip in and what states to not tip in.,0,https://www.reddit.com/r/Truckers/comments/xmja2k/what_states_to_tip_in_and_what_states_to_not_tip/
2022-10-01 02:18:25,Time to get to work üí∞ ü´°,1,
2022-10-01 02:21:13,Time to get to work üí∞ ü´°,2,https://www.reddit.com/gallery/xsjiyn
2022-10-05 20:24:15,What's the best truck stop you've been to? What is the oasis in the desert of crappy stops?,4,https://www.reddit.com/r/Truckers/comments/xwla0x/whats_the_best_truck_stop_youve_been_to_what_is/
2022-10-06 01:33:26,What are the 3 worst cities in America to drive Through!?,1,https://www.reddit.com/r/Truckers/comments/xwsji7/what_are_the_3_worst_cities_in_america_to_drive/
2022-10-07 03:03:29,Which city/state has the worst truck stops?,1,https://www.reddit.com/r/Truckers/comments/xxnyay/which_citystate_has_the_worst_truck_stops/
2022-10-16 00:04:54,What is your favorite major metro to drive through?,3,https://www.reddit.com/r/Truckers/comments/y52j3j/what_is_your_favorite_major_metro_to_drive_through/
2022-10-22 23:17:59,What's your favorite gimmick of your truck?,6,https://www.reddit.com/r/Truckers/comments/yb1otz/whats_your_favorite_gimmick_of_your_truck/
2022-10-23 00:59:26,1099 work,5,
2022-10-23 23:10:46,Work time,24,https://i.redd.it/3d2gjk6r0nv91.jpg
2022-10-28 14:38:12,Trucker,1,
2022-11-02 13:13:44,Trucker,0,https://www.reddit.com/gallery/yk4ya9
2022-11-02 18:56:16,No,1,
2022-11-02 22:25:43,Trucks New Zealand. Mostly logging trucks for you log lovers. Credit Barren Rocks.,4,https://youtu.be/33awuMAEqyk
2022-11-05 01:15:04,Canadian looking to work in the US.,2,https://www.reddit.com/r/Truckers/comments/ymg7du/canadian_looking_to_work_in_the_us/
2022-11-09 13:56:55,work,1,https://www.reddit.com/gallery/yqjpfc
2022-11-09 14:48:00,Trucker,1,https://www.reddit.com/gallery/yql06a
2022-11-10 07:37:02,for the drive!,1,https://open.spotify.com/playlist/3OawtKUdmDEpY5aaH6JT9x?si=ikGjApAZRV6DCRmnHAOegQ
2022-11-16 16:36:55,Quick stop at truck stop etiquette. If just stopping to use bathroom or getting something to drink is it ok to pull through the fuel island and park at the line ahead without blocking the pump or do you need to find a parking space?,110,https://www.reddit.com/r/Truckers/comments/ywygk5/quick_stop_at_truck_stop_etiquette_if_just/
2022-11-25 15:17:14,Local work in Denver.,71,https://i.redd.it/o0gu9f3vn52a1.jpg
2022-11-27 00:24:04,What‚Äôs the best truck stop company and why?,1,https://www.reddit.com/r/Truckers/comments/z5mho7/whats_the_best_truck_stop_company_and_why/
2022-11-28 21:12:17,Work uniform,2,https://www.reddit.com/r/Truckers/comments/z78oys/work_uniform/
2022-12-04 05:48:44,"Truckers of Reddit, who are the most annoying drivers on the road?",1,https://www.reddit.com/r/Truckers/comments/zc1vty/truckers_of_reddit_who_are_the_most_annoying/
2022-12-07 11:52:44,trucks,0,https://www.reddit.com/r/Truckers/comments/zez9r2/trucks/
2022-12-07 14:26:23,Best dash cams for trucks,2,https://www.reddit.com/r/Truckers/comments/zf2elu/best_dash_cams_for_trucks/
2022-12-07 21:27:26,Semi Trucks For Sale,1,https://www.reddit.com/r/Truckers/comments/zfeg89/semi_trucks_for_sale/
2022-12-08 20:25:24,Semi Trucks For Sale,1,https://www.reddit.com/r/Truckers/comments/zgag34/semi_trucks_for_sale/
2022-12-14 05:59:54,What‚Äôs the crazy thing you ever saw at a truck stop?,1,https://www.reddit.com/r/Truckers/comments/zlj5j1/whats_the_crazy_thing_you_ever_saw_at_a_truck_stop/
2022-12-15 18:33:42,Good place to work?,2,https://www.reddit.com/r/Truckers/comments/zmsduo/good_place_to_work/
2022-12-20 07:28:58,how to make the Earial work vehicle work better? maby you need the new battery.,1,https://www.reddit.com/r/Truckers/comments/zqhx77/how_to_make_the_earial_work_vehicle_work_better/
2022-12-23 22:05:27,Which state has the best drivers and which has the worst?,0,https://www.reddit.com/r/Truckers/comments/zttyu3/which_state_has_the_best_drivers_and_which_has/
2022-12-24 05:47:33,what's the worst company you've driven for?,9,https://www.reddit.com/r/Truckers/comments/zu30uf/whats_the_worst_company_youve_driven_for/
2022-12-27 23:37:54,Best Company to work for,1,https://www.reddit.com/r/Truckers/comments/zwtz2l/best_company_to_work_for/
2022-12-29 20:44:27,Parking,1,https://www.reddit.com/r/Truckers/comments/zyfw8o/parking/
2023-01-01 20:29:22,Parking,2,https://www.reddit.com/r/Truckers/comments/100sl5s/parking/
2023-01-04 23:39:12,Trucker üòÇ,58,
2023-01-06 06:32:11,How about that!,19,https://v.redd.it/yeabi7dyadaa1
2023-01-09 01:24:42,What‚Äôs your?,4,https://i.redd.it/7zzezr9doyaa1.jpg
2023-01-19 01:52:10,Penske used Trucks for sale!,1,
2023-01-19 01:54:57,Used Penske Trucks for sale!,1,https://www.reddit.com/r/Truckers/comments/10fp886/used_penske_trucks_for_sale/
2023-01-20 15:10:31,Looking for places to park,1,https://www.reddit.com/r/Truckers/comments/10gzbvs/looking_for_places_to_park/
2023-01-20 18:52:31,Who has the Best rewards and worst rewards programs at major Truck stops? And why?,1,https://www.reddit.com/r/Truckers/comments/10h4xaf/who_has_the_best_rewards_and_worst_rewards/
2023-01-24 21:29:37,What are some places you wouldn‚Äôt/shouldn‚Äôt stop for the night?,98,https://www.reddit.com/r/Truckers/comments/10kgtx3/what_are_some_places_you_wouldntshouldnt_stop_for/
2023-01-28 22:21:58,Air brake question for classic trucks,3,https://www.reddit.com/r/Truckers/comments/10nrbmq/air_brake_question_for_classic_trucks/
2023-01-29 01:46:13,Recommended internet for trucks,3,https://www.reddit.com/r/Truckers/comments/10nvqn3/recommended_internet_for_trucks/
2023-01-30 23:47:42,"Of the companies on this list, which are the better ones to work for?",2,https://www.reddit.com/r/Truckers/comments/10pi2x4/of_the_companies_on_this_list_which_are_the/
2023-02-05 18:40:15,Best and Worst states to drive in?,26,https://www.reddit.com/r/Truckers/comments/10ujtif/best_and_worst_states_to_drive_in/
2023-02-12 02:12:17,LOCAL WORK,0,https://www.reddit.com/r/Truckers/comments/1104i7j/local_work/
2023-02-14 19:10:47,Work Attire,10,https://www.reddit.com/r/Truckers/comments/112dfwp/work_attire/
2023-02-17 03:28:46,Washing clothes at truck stop,1,
2023-04-01 19:33:39,Parking,7,https://www.reddit.com/r/Truckers/comments/128w8x5/parking/
2023-04-04 12:15:04,"Which state do you guys feel has the worst car drivers, in relation to how they act around trucks?",85,https://www.reddit.com/r/Truckers/comments/12bh9e3/which_state_do_you_guys_feel_has_the_worst_car/
2023-04-04 19:16:53,8 hour limit to park at truck stop in Des Moines?,3,https://www.reddit.com/r/Truckers/comments/12btbb0/8_hour_limit_to_park_at_truck_stop_in_des_moines/
2023-04-08 23:32:35,Any love for garbage trucks?,32,https://imgur.com/a/DgL0qVZ/
2023-04-09 21:55:38,Best Truck Stops/ Scenic rest stops,1,https://www.reddit.com/r/Truckers/comments/12gx5qf/best_truck_stops_scenic_rest_stops/
2023-04-13 22:34:13,For the night drivers,313,https://i.redd.it/6g865hvjsrta1.jpg
2023-04-18 01:54:28,Parking,6,https://www.reddit.com/r/Truckers/comments/12q5yjx/parking/
2023-04-18 21:26:04,Would you,3,
2023-04-18 22:56:39,Pay for Expedited trucks,6,https://www.reddit.com/r/Truckers/comments/12r7qz9/pay_for_expedited_trucks/
2023-04-24 03:35:10,How do you guys feel about CNG trucks safety?,4,https://www.reddit.com/r/Truckers/comments/12x1nku/how_do_you_guys_feel_about_cng_trucks_safety/
2023-04-26 16:27:36,Backhauls for straight trucks,5,https://www.reddit.com/r/Truckers/comments/12zoukm/backhauls_for_straight_trucks/
2023-04-29 07:43:24,Putting in work at work,27,https://i.redd.it/i0mx1wd7ktwa1.jpg
2023-04-29 23:47:41,What is your favorite app to route your trip?,5,https://www.reddit.com/r/Truckers/comments/133acr6/what_is_your_favorite_app_to_route_your_trip/
2023-05-06 15:46:09,What's your favorite piss bottle?,0,https://i.redd.it/oo46dthpw9ya1.jpg
2023-05-11 17:22:26,What is your least favorite mountain pass to cross?,19,https://www.reddit.com/r/Truckers/comments/13etq30/what_is_your_least_favorite_mountain_pass_to_cross/
2023-05-18 15:51:48,What‚Äôs the highest incline % you‚Äôve driven?,1,https://www.reddit.com/r/Truckers/comments/13l2pqp/whats_the_highest_incline_youve_driven/
2023-05-20 11:33:05,Saturday work.,19,
2023-05-25 21:10:43,Truck stops with barbers?,4,https://www.reddit.com/r/Truckers/comments/13rtheb/truck_stops_with_barbers/
2023-05-26 01:51:28,"So, what‚Äôs the weirdest place you‚Äôve spent the night?",109,https://i.redd.it/vo26b0h0i42b1.jpg
2023-05-29 01:09:25,Truck stop,8,https://www.reddit.com/r/Truckers/comments/13ugqfn/truck_stop/
2023-05-29 01:15:21,Zeus is a trucker,7,https://i.redd.it/6c3k5hgbqp2b1.jpg
2023-06-01 06:00:02,Want to truck!,1,
2023-06-02 01:45:29,Trucks üöõ,3,https://youtu.be/2jVBWyih-RU
2023-06-04 00:12:45,Would you?,6,https://www.reddit.com/gallery/13zupy9
2023-06-07 22:05:47,Which state would you say has the best food overall?,2,https://www.reddit.com/r/Truckers/comments/143qkkw/which_state_would_you_say_has_the_best_food/
2023-06-08 23:51:42,Which truck is best truck?,2,https://www.reddit.com/r/Truckers/comments/144pbcr/which_truck_is_best_truck/
2023-06-09 03:00:03,Lowbed work,7,https://www.reddit.com/gallery/144te3h
2023-06-09 10:01:01,Would this work in the US?,36,https://v.redd.it/5aazs1m4uy4b1
2023-06-16 18:24:46,no no no,1,
2023-06-16 18:31:58,What was your backup?,5,https://www.reddit.com/r/Truckers/comments/14b4as9/what_was_your_backup/
2023-06-22 03:16:39,Parking,8,https://www.reddit.com/r/Truckers/comments/14frvfb/parking/
2023-06-23 03:31:10,Best companies to work for.,2,https://www.reddit.com/r/Truckers/comments/14gnnrv/best_companies_to_work_for/
2023-06-23 13:32:13,Truck Stops,3,https://www.reddit.com/r/Truckers/comments/14gyp0u/truck_stops/
2023-06-25 03:16:02,Whats the best?,3,https://www.reddit.com/r/Truckers/comments/14iben1/whats_the_best/
2023-06-25 12:57:09,Highways to avoid,3,https://www.reddit.com/r/Truckers/comments/14ilnew/highways_to_avoid/
2023-06-26 16:17:28,What state has the best fireworks?,5,https://www.reddit.com/r/Truckers/comments/14jlntc/what_state_has_the_best_fireworks/
2023-06-28 02:45:26,Parking,3,https://www.reddit.com/r/Truckers/comments/14kxhvy/parking/
2023-06-30 04:17:39,Best strip clubs next to truck stops?,2,https://www.reddit.com/r/Truckers/comments/14mq1cn/best_strip_clubs_next_to_truck_stops/
2023-07-04 22:36:08,Worst city for trucks?,19,https://www.reddit.com/r/Truckers/comments/14qt4qc/worst_city_for_trucks/
2023-07-06 17:28:47,What are the best companies to work for for experienced drivers?,3,https://www.reddit.com/r/Truckers/comments/14sfya7/what_are_the_best_companies_to_work_for_for/
2023-07-07 01:44:37,parking,1,https://www.reddit.com/r/Truckers/comments/14ssva0/parking/
2023-07-10 10:24:14,I-84 can be a nasty place to drive when it gets windy in the Columbia gorge. What's your least favorite section of road to drive on in the country?,4,https://www.reddit.com/r/Truckers/comments/14vq3ko/i84_can_be_a_nasty_place_to_drive_when_it_gets/
2023-07-11 02:55:39,Is NJ state route 17 truck friendly?,8,https://www.reddit.com/r/Truckers/comments/14wes54/is_nj_state_route_17_truck_friendly/
2023-07-13 00:59:57,Is the CDL Practice tests close to what the written test is like at the dmv?,7,https://www.reddit.com/r/Truckers/comments/14y68f9/is_the_cdl_practice_tests_close_to_what_the/
2023-07-15 07:07:20,Fuel cost for different trucks,3,https://www.reddit.com/r/Truckers/comments/1504w4i/fuel_cost_for_different_trucks/
2023-07-16 22:35:34,At what point is it to hot to drive?,35,https://www.reddit.com/r/Truckers/comments/151jv0q/at_what_point_is_it_to_hot_to_drive/
2023-07-22 20:27:05,I'm a Trucker,2,https://www.reddit.com/r/Truckers/comments/156ucqh/im_a_trucker/
2023-07-25 23:56:57,Saw this at a truck stop,1,https://i.redd.it/y4i7s44797eb1.jpg
2023-07-27 14:20:14,Worst city to drive in/through?,197,https://www.reddit.com/r/Truckers/comments/15b35pw/worst_city_to_drive_inthrough/
2023-07-28 13:56:23,Truck Stops,3,https://www.reddit.com/r/Truckers/comments/15by6ng/truck_stops/
2023-07-30 06:34:21,What city do you hate the most?,1,https://www.reddit.com/r/Truckers/comments/15def6a/what_city_do_you_hate_the_most/
2023-08-02 17:06:18,Truck Stops,1,https://www.reddit.com/r/Truckers/comments/15gei09/truck_stops/
2023-08-04 10:11:57,Truck stops,1,https://www.reddit.com/gallery/15hw17j
2023-08-05 14:02:50,What do you hate most,1,https://www.reddit.com/r/Truckers/comments/15iwixt/what_do_you_hate_most/
2023-08-11 12:34:14,hiring trucks for dispatch,1,https://www.reddit.com/r/Truckers/comments/15o7pvr/hiring_trucks_for_dispatch/
2023-08-11 21:08:31,"Drivers, what‚Äôs your favorite stop?",1,https://www.reddit.com/r/Truckers/comments/15oksb6/drivers_whats_your_favorite_stop/
2023-08-13 18:11:05,"""no truck parking"" sign",2,https://www.reddit.com/r/Truckers/comments/15q5vv1/no_truck_parking_sign/
2023-08-14 11:28:31,I'm a Trucker,141,https://i.redd.it/gg8q65uv92ib1.jpg
2023-08-16 04:47:47,What‚Äôs the worst place you‚Äôve driven through?,92,https://www.reddit.com/r/Truckers/comments/15sfrtk/whats_the_worst_place_youve_driven_through/
2023-08-16 18:22:42,What‚Äôs the longest you‚Äôve taken a shower at a truck stop?,1,https://www.reddit.com/r/Truckers/comments/15sxpgg/whats_the_longest_youve_taken_a_shower_at_a_truck/
2023-08-19 01:23:15,Which are the worst states to deal with Dot in?,25,https://www.reddit.com/r/Truckers/comments/15v2gof/which_are_the_worst_states_to_deal_with_dot_in/
2023-08-21 05:49:04,Nice lady at a truck stop.,340,https://www.reddit.com/r/Truckers/comments/15wymis/nice_lady_at_a_truck_stop/
2023-08-21 17:25:10,How is AT&T wireless?,5,https://www.reddit.com/r/Truckers/comments/15xe0wv/how_is_att_wireless/
2023-08-29 22:32:35,My work in progress,48,https://i.redd.it/9pbltzz0m4lb1.png
2023-09-03 06:35:46,Parking,0,https://www.reddit.com/r/Truckers/comments/168pnvo/parking/
2023-09-07 01:49:57,What Is the best Truck to drive?,1,https://www.reddit.com/r/Truckers/comments/16c2zww/what_is_the_best_truck_to_drive/
2023-09-07 19:53:15,What is your favorite section of road to drive on?,1,https://www.reddit.com/r/Truckers/comments/16coi3e/what_is_your_favorite_section_of_road_to_drive_on/
2023-09-08 01:52:26,What was your worst no parking situation?,63,https://www.reddit.com/r/Truckers/comments/16cxffb/what_was_your_worst_no_parking_situation/
2023-09-10 02:41:12,What should I have done?,7,https://www.reddit.com/r/Truckers/comments/16eoksv/what_should_i_have_done/
2023-09-10 17:32:28,Worst stretch of road in the U.S.,1,https://www.reddit.com/r/Truckers/comments/16f66c6/worst_stretch_of_road_in_the_us/
2023-09-12 02:53:35,Reefer truck stops.,6,https://www.reddit.com/r/Truckers/comments/16gfpdh/reefer_truck_stops/
2023-09-13 10:45:27,Parking,4,https://www.reddit.com/r/Truckers/comments/16hjq1o/parking/
2023-09-13 13:58:38,Any GPS specifically for trucks?,1,https://www.reddit.com/r/Truckers/comments/16hnrle/any_gps_specifically_for_trucks/
2023-09-18 14:26:09,wHy Do U GuYs HaTe Us??,25,https://i.redd.it/s738tguhx0pb1.jpg
2023-09-19 23:08:10,Why do people hate Swift?,1,https://www.reddit.com/r/Truckers/comments/16n59w8/why_do_people_hate_swift/
2023-09-20 13:03:40,TRUCK STOPS DALLAS,1,https://www.reddit.com/r/Truckers/comments/16nksci/truck_stops_dallas/
2023-09-20 18:40:03,I‚Äôm green and in need of work!,1,https://www.reddit.com/r/Truckers/comments/16nsxfd/im_green_and_in_need_of_work/
2023-09-22 00:15:28,Why do truckers hate dispatcher?,1,https://www.reddit.com/r/Truckers/comments/16ovxk1/why_do_truckers_hate_dispatcher/
2023-09-26 20:42:16,What is the scariest placard you‚Äôve personally driven?,15,https://www.reddit.com/r/Truckers/comments/16szd4q/what_is_the_scariest_placard_youve_personally/
2023-09-28 02:52:23,What states and regions would you avoid as a rookie?,28,https://www.reddit.com/r/Truckers/comments/16u4gkv/what_states_and_regions_would_you_avoid_as_a/
2023-09-28 16:39:34,Found these at a truck stop,32,https://www.reddit.com/gallery/16ukuvf
2023-10-03 10:42:35,what is this found in credit card slot at truck stop pump,1,https://i.redd.it/4izyq9l9vyrb1.jpg
2023-10-08 05:54:55,In general which state has the cheapest truck insurance?,1,https://www.reddit.com/r/Truckers/comments/172rkpj/in_general_which_state_has_the_cheapest_truck/
2023-10-09 14:06:50,Empty Truck Stops.,1,https://www.reddit.com/r/Truckers/comments/173sp9s/empty_truck_stops/
2023-10-11 13:31:27,Trucker,1,https://tessprint7.com/trucker?s=hanes-5250&c=Black&p=FRONT
2023-10-14 00:11:44,Parking,1,https://www.reddit.com/gallery/177cpoi
2023-10-14 01:13:47,What is your favorite state to drive in? Roads/truck stops/people (other drivers)/view.,1,https://www.reddit.com/r/Truckers/comments/177dwhb/what_is_your_favorite_state_to_drive_in/
2023-10-16 00:35:51,Parking,1,https://www.reddit.com/r/Truckers/comments/178thvf/parking/
2023-10-18 11:36:58,Are there lube shops for trucks?,1,https://www.reddit.com/r/Truckers/comments/17aolux/are_there_lube_shops_for_trucks/
2023-10-22 15:32:35,Should I work in the safety department?,1,https://www.reddit.com/r/Truckers/comments/17dvxk6/should_i_work_in_the_safety_department/
2023-10-26 23:52:44,Which states are the best to work in and the worst to work in?,1,https://www.reddit.com/r/Truckers/comments/17hachw/which_states_are_the_best_to_work_in_and_the/
2023-10-29 18:24:51,What state has the worst roads?,1,https://www.reddit.com/r/Truckers/comments/17j948i/what_state_has_the_worst_roads/
2023-10-30 07:46:32,Losing the drive to work,1,https://www.reddit.com/r/Truckers/comments/17jo4a7/losing_the_drive_to_work/
2023-11-01 12:41:07,Parking?!,3,https://www.reddit.com/r/Truckers/comments/17lb7n9/parking/
2023-11-01 19:47:41,For what?,1,https://v.redd.it/6alzktiyisxb1
2023-11-02 01:33:22,Turbo fan wheels for commercial trucks,1,https://i.redd.it/pl4405dn8uxb1.jpg
2023-11-03 22:07:31,What is the best truck you've ever driven?,20,https://www.reddit.com/r/Truckers/comments/17n6g9t/what_is_the_best_truck_youve_ever_driven/
2023-11-05 18:42:25,ART FOR TRUCKS,1,https://www.reddit.com/r/Truckers/comments/17oijg2/art_for_trucks/
2023-11-05 23:16:11,Saturday Night at the Truck Stop,18,https://i.redd.it/8fwf7iht3myb1.jpg
2023-11-08 21:29:27,Best mega carrier to work for?,1,https://www.reddit.com/r/Truckers/comments/17qw7dk/best_mega_carrier_to_work_for/
2023-11-09 00:42:20,"Think about your least favorite state to drive through, what's your FAVORITE thing about that state?",52,https://www.reddit.com/r/Truckers/comments/17r0kgg/think_about_your_least_favorite_state_to_drive/
2023-11-13 12:33:27,She thinks the driver pass away at the wheel at the truck stop. ,1355,https://v.redd.it/1kqcdnkd040c1
2023-11-19 10:42:29,What places are good to do a 34 hour reset?,3,https://www.reddit.com/r/Truckers/comments/17yuiak/what_places_are_good_to_do_a_34_hour_reset/
2023-11-20 00:53:45,Skipped all the truck stops hoping to avoid THEM!,1,https://www.reddit.com/r/Truckers/comments/17zc3ss/skipped_all_the_truck_stops_hoping_to_avoid_them/
2023-11-24 12:53:39,Trucker,1,https://www.reddit.com/gallery/182rgn5
2023-12-01 01:42:49,What‚Äôs your favorite manufacturer?,1,https://www.reddit.com/r/Truckers/comments/187zld0/whats_your_favorite_manufacturer/
2023-12-02 16:22:01,Would you‚Ä¶,265,https://i.redd.it/13jm5sejqw3c1.jpg
2023-12-07 03:04:12,Remote work,4,https://www.reddit.com/r/Truckers/comments/18clum7/remote_work/
2023-12-09 14:08:12,Best and worst truck stops?,6,https://www.reddit.com/r/Truckers/comments/18eecjr/best_and_worst_truck_stops/
2023-12-14 17:46:26,"No, no, no....",1,https://v.redd.it/9en3kbuhsa6c1
2023-12-14 21:38:52,Good are given to the hard work ones,1,https://i.redd.it/2wu9qq70yb6c1.jpeg
2023-12-18 17:19:09,Light work,1,https://www.reddit.com/r/Truckers/comments/18le0qj/light_work/
2023-12-20 12:00:24,Types of trucks for a limestone quarry,1,https://www.reddit.com/r/Truckers/comments/18mszl0/types_of_trucks_for_a_limestone_quarry/
2023-12-28 22:07:12,Parking,1,https://www.reddit.com/r/Truckers/comments/18t60hw/parking/
2023-12-31 03:49:33,Best Place to Work as A Beginner,2,https://www.reddit.com/r/Truckers/comments/18uykby/best_place_to_work_as_a_beginner/
2024-01-05 07:49:40,Looking for box trucks,1,https://www.reddit.com/r/Truckers/comments/18z1g43/looking_for_box_trucks/
2024-01-05 21:54:08,Trucker know what this is,1,https://i.redd.it/jsudr45s0pac1.jpeg
2024-01-06 21:33:30,Trucks,1,https://www.reddit.com/r/Truckers/comments/190ata4/trucks/
2024-01-13 16:30:41,I or the truck,1,https://i.redd.it/berjki0di8cc1.jpeg
2024-01-13 16:31:08,I or the truck,1,https://i.redd.it/74qhgfxfi8cc1.jpeg
2024-01-17 09:39:09,How have the roads been for you?,4,https://www.reddit.com/r/Truckers/comments/198st9k/how_have_the_roads_been_for_you/
2024-01-18 03:27:37,The truck stop to beat at all truck stops!!!,1,https://www.reddit.com/gallery/199gcb9
2024-01-18 16:56:07,Do moving companies have to pay their driver during a 34 hour reset?,1,https://www.reddit.com/r/Truckers/comments/199uq1m/do_moving_companies_have_to_pay_their_driver/
2024-01-21 01:41:24,Shops to avoid,1,https://www.reddit.com/r/Truckers/comments/19brwnd/shops_to_avoid/
2024-01-21 21:04:38,I want to go O/O,3,https://www.reddit.com/r/Truckers/comments/19cdqwn/i_want_to_go_oo/
2024-01-22 04:27:02,Parking at a full truck stop is an Olympic sport,8,https://www.reddit.com/r/Truckers/comments/19cn6ka/parking_at_a_full_truck_stop_is_an_olympic_sport/
2024-01-23 19:22:31,Our love for trucks (all types),1,https://i.redd.it/bb5k0805q8ec1.jpeg
2024-01-24 20:18:47,truck stops/rant,7,https://www.reddit.com/r/Truckers/comments/19eq515/truck_stopsrant/
2024-01-29 19:40:15,Backed into a box truck.,74,https://www.reddit.com/r/Truckers/comments/1ae442q/backed_into_a_box_truck/
2024-01-30 18:09:26,Any love for European/Dutch trucks?,1,https://i.redd.it/bl6r4bdhbmfc1.jpeg
2024-02-20 04:29:16,Which state has the best ü¶é? ,12,https://www.reddit.com/r/Truckers/comments/1av8t1e/which_state_has_the_best/
2024-02-21 05:14:34,Recovery work?,2,https://www.reddit.com/r/Truckers/comments/1aw3vwa/recovery_work/
2024-02-22 14:28:50,What is your top 2 favorite trucks?,22,https://www.reddit.com/gallery/1ax7pke
2024-02-23 20:46:53,Best companies to work for?,1,https://www.reddit.com/r/Truckers/comments/1ayb940/best_companies_to_work_for/
2024-02-23 22:00:02,ISO work,1,https://i.redd.it/zanv5v4iqekc1.jpeg
2024-02-26 04:50:59,34 hour reset and alcohol,2,https://www.reddit.com/r/Truckers/comments/1b0954e/34_hour_reset_and_alcohol/
2024-02-26 14:49:30,Worst truck stop?,1,https://www.reddit.com/r/Truckers/comments/1b0jabx/worst_truck_stop/
2024-02-26 17:15:08,What are some of your favorite places to drive though? ,2,https://www.reddit.com/r/Truckers/comments/1b0mv8b/what_are_some_of_your_favorite_places_to_drive/
2024-02-28 05:15:05,Trucks for sale,2,https://www.reddit.com/gallery/1b1xyvx
2024-02-29 02:45:11,What‚Äôs your favorite trucking song?,2,https://www.reddit.com/r/Truckers/comments/1b2pfar/whats_your_favorite_trucking_song/
2024-02-29 04:21:26,Need work ,1,https://www.reddit.com/r/Truckers/comments/1b2rd79/need_work/
2024-02-29 14:02:39,What is the markup on a used Semi-truck at a dealership? ,1,https://www.reddit.com/r/Truckers/comments/1b31121/what_is_the_markup_on_a_used_semitruck_at_a/
2024-03-07 05:16:29,Which major  city has the fastest citizen drivers?  ,1,https://www.reddit.com/r/Truckers/comments/1b8mbkq/which_major_city_has_the_fastest_citizen_drivers/
2024-03-07 05:21:48,No parking,6,https://i.redd.it/ow3eaz59kumc1.jpeg
2024-03-07 17:15:33,How‚Äôs this for company trucks,1,https://i.redd.it/ioagp4gl3ymc1.jpeg
2024-03-12 22:50:02,How do you find your favorite  places to stop for the night?,7,https://www.reddit.com/r/Truckers/comments/1bdb7cc/how_do_you_find_your_favorite_places_to_stop_for/
2024-03-14 05:49:04,Parking,2,https://www.reddit.com/r/Truckers/comments/1bee45i/parking/
2024-03-14 09:45:32,Truck Stop,71,https://www.reddit.com/gallery/1beheva
2024-03-14 20:04:31,Parking,1,https://www.reddit.com/r/Truckers/comments/1beukd6/parking/
2024-03-15 20:54:43,WiFi name at a truck stop,955,https://i.redd.it/l16us4wy9koc1.jpeg
2024-03-18 22:14:31,Trucks ,1,https://www.reddit.com/r/Truckers/comments/1bi3oq6/trucks/
2024-03-19 21:12:18,Im scared to park at Walmart and this guy is brave enough to park on the sidewalk.,18,https://i.redd.it/wnqydtvrwcpc1.jpeg
2024-03-19 23:30:14,Truck recovery drivers what‚Äôs the grossest truck you‚Äôve ever recovered?,14,https://www.reddit.com/r/Truckers/comments/1biywak/truck_recovery_drivers_whats_the_grossest_truck/
2024-03-21 22:26:53,I don't understand the hate for Volvo trucks.,432,https://www.reddit.com/r/Truckers/comments/1bkjg9l/i_dont_understand_the_hate_for_volvo_trucks/
2024-03-22 04:29:13,Work,1,https://v.redd.it/bptfshrjctpc1
2024-03-23 14:46:35,Pickle park story at a truck stop in Massachusetts ,6,https://www.reddit.com/r/Truckers/comments/1bltwc5/pickle_park_story_at_a_truck_stop_in_massachusetts/
2024-03-27 03:47:41,19 f loads trucks for PT work,4,https://www.reddit.com/r/Truckers/comments/1boshrq/19_f_loads_trucks_for_pt_work/
2024-03-27 07:52:02,Trucker,1,https://www.reddit.com/r/Truckers/comments/1bowdye/trucker/
2024-03-28 16:16:30,Trucks passing trucks,1,https://www.reddit.com/r/Truckers/comments/1bpzihx/trucks_passing_trucks/
2024-03-30 21:19:31,Cars driving in and around truck parking at truck stops?,15,https://www.reddit.com/r/Truckers/comments/1brso1g/cars_driving_in_and_around_truck_parking_at_truck/
2024-03-31 05:05:20,What‚Äôs the best LTL company to work for in California? ,1,https://www.reddit.com/r/Truckers/comments/1bs2fg1/whats_the_best_ltl_company_to_work_for_in/
2024-04-01 16:48:59,Failure to stop at stop sign,1,https://www.reddit.com/r/Truckers/comments/1bt8t91/failure_to_stop_at_stop_sign/
2024-04-06 17:10:16,Best company to work for?,0,https://www.reddit.com/r/Truckers/comments/1bxgnls/best_company_to_work_for/
2024-04-07 23:44:06,WHO IS AT FAULT?,0,https://v.redd.it/6idyw17695tc1
2024-04-09 19:27:17,what's your favorite thing to haul?,142,https://i.redd.it/emwl8nm69itc1.jpeg
2024-04-10 01:14:33,Best and worse states for trucking? ,0,https://www.reddit.com/r/Truckers/comments/1c0921v/best_and_worse_states_for_trucking/
2024-04-11 18:31:55,Civil work ,4,https://www.reddit.com/r/Truckers/comments/1c1mfpd/civil_work/
2024-04-11 21:35:35,Best and Worst HWY FWY?,2,https://www.reddit.com/r/Truckers/comments/1c1r2f3/best_and_worst_hwy_fwy/
2024-04-13 01:33:52,Can I post trucks for sale here,1,https://www.reddit.com/r/Truckers/comments/1c2q72j/can_i_post_trucks_for_sale_here/
2024-04-15 20:03:24,Old Trucks VS New Trucks,81,https://v.redd.it/m3er8d939puc1
2024-04-19 15:12:23,What Trucker GPS Is The Best To Grab?,1,https://www.reddit.com/r/Truckers/comments/1c7zb9k/what_trucker_gps_is_the_best_to_grab/
2024-04-20 14:01:55,Avoid U.S Xpress,32,https://www.reddit.com/r/Truckers/comments/1c8qpss/avoid_us_xpress/
2024-04-21 04:53:39,King of the highway ,0,https://v.redd.it/grgpbk39krvc1
2024-04-24 00:08:18,What is the best truck stop in America?,2,https://www.reddit.com/r/Truckers/comments/1cbk9v2/what_is_the_best_truck_stop_in_america/
2024-04-25 14:05:28,What states have the best drivers and what states have the worst? ,0,https://www.reddit.com/r/Truckers/comments/1ccstdq/what_states_have_the_best_drivers_and_what_states/
2024-04-25 19:56:16,Question for the garbage trucks drivers here,7,https://www.reddit.com/r/Truckers/comments/1cd0xb1/question_for_the_garbage_trucks_drivers_here/
2024-04-26 02:59:07,Headlights at truck stop,0,https://www.reddit.com/r/Truckers/comments/1cdap15/headlights_at_truck_stop/
2024-04-26 06:55:29,what was your first truck?,3,https://www.reddit.com/gallery/1cdetws
2024-04-29 00:39:39,Work hours,1,https://www.reddit.com/r/Truckers/comments/1cflwvk/work_hours/
2024-04-29 01:21:15,What's your least favorite city/ State to drive in?,134,https://www.reddit.com/r/Truckers/comments/1cfmqib/whats_your_least_favorite_city_state_to_drive_in/
2024-05-09 17:01:00,who is at fault?,3,https://v.redd.it/ejjpoa7fmfzc1
2024-05-09 17:01:22,situation,1,https://v.redd.it/z4znfhphmfzc1
2024-05-09 21:58:24,Got backed into at the truck stop. ,71,https://i.redd.it/q5vxacjh3hzc1.png
2024-05-10 11:32:56,Safe Speeds for Trucks,0,https://www.reddit.com/r/Truckers/comments/1conch4/safe_speeds_for_trucks/
2024-05-12 20:03:16,TRUCKER üöö,1,https://www.reddit.com/r/Truckers/comments/1cqglwf/trucker/
2024-05-14 17:53:02,whats the best time to drive to avoid dot blitz ,0,https://www.reddit.com/r/Truckers/comments/1crygib/whats_the_best_time_to_drive_to_avoid_dot_blitz/
2024-05-15 23:55:50,Parking ,5,https://www.reddit.com/r/Truckers/comments/1cszkff/parking/
2024-05-21 01:19:38,Work Attire,1,https://www.reddit.com/r/Truckers/comments/1cwvycz/work_attire/
2024-05-22 05:02:49,Whats the oldest truck...,1,https://www.reddit.com/r/Truckers/comments/1cxscdp/whats_the_oldest_truck/
2024-05-23 12:17:27,I Backed Into It,23,https://i.redd.it/ou906okl462d1.jpeg
2024-05-23 14:37:20,What's your favorite shift to work?,64,https://www.reddit.com/r/Truckers/comments/1cyuc97/whats_your_favorite_shift_to_work/
2024-05-25 15:12:35,Is it a bad idea to leave the windows a little open when leaving the truck at a truck stop? ,24,https://www.reddit.com/r/Truckers/comments/1d0e596/is_it_a_bad_idea_to_leave_the_windows_a_little/
2024-05-30 20:38:47,Used trucks for sale!,1,https://www.reddit.com/r/Truckers/comments/1d4dvyi/used_trucks_for_sale/
2024-06-01 23:04:50,"Night drivers, what‚Äôs your favorite city to drive through?",44,https://www.reddit.com/r/Truckers/comments/1d5zd5h/night_drivers_whats_your_favorite_city_to_drive/
2024-06-02 18:56:45,Parking,16,https://i.redd.it/jh64wyfxg74d1.png
2024-06-03 17:26:52,situation,1,https://v.redd.it/mwz7rgot5e4d1
2024-06-07 21:19:59,What are your least favorite states in terms of truck parking? ,16,https://www.reddit.com/r/Truckers/comments/1dam586/what_are_your_least_favorite_states_in_terms_of/
2024-06-08 16:06:56,What are your favorite states in terms of truck parking?,16,https://www.reddit.com/r/Truckers/comments/1db6ayk/what_are_your_favorite_states_in_terms_of_truck/
2024-06-10 23:17:23,Are international trucks bad trucks?,1,https://i.redd.it/fzdalbrqut5d1.jpeg
