title,url
What truck do you drive?,https://www.reddit.com/r/Truckers/comments/dkwkb0/what_truck_do_you_drive/
"Think about your least favorite state to drive through, what's your FAVORITE thing about that state?",https://www.reddit.com/r/Truckers/comments/17r0kgg/think_about_your_least_favorite_state_to_drive/
What's the worst thing dispatch can say to you on the phone?,https://www.reddit.com/r/Truckers/comments/1cbiesb/whats_the_worst_thing_dispatch_can_say_to_you_on/
What are the worst/best stretches of highway in America?,https://www.reddit.com/r/Truckers/comments/ag19u1/what_are_the_worstbest_stretches_of_highway_in/
What's the worst that can happen?,https://www.reddit.com/r/Truckers/comments/a96v61/whats_the_worst_that_can_happen/
"Truckers, what area of the country (USA) has the worst drivers in your opinion?",https://www.reddit.com/r/Truckers/comments/pcqpbw/truckers_what_area_of_the_country_usa_has_the/
What is the worst rest stop you have encountered while driving truck?,https://www.reddit.com/r/Truckers/comments/pu7a4m/what_is_the_worst_rest_stop_you_have_encountered/
The worst thing.,https://www.reddit.com/r/Truckers/comments/y4cxpr/the_worst_thing/
What is your worst truck stop bathroom experience?,https://www.reddit.com/r/Truckers/comments/9bur89/what_is_your_worst_truck_stop_bathroom_experience/
What's your worst fuck up,https://www.reddit.com/r/Truckers/comments/14oyqbi/whats_your_worst_fuck_up/
"As a trucker, what’s the worst part of your day?",https://www.reddit.com/r/Truckers/comments/l7h11m/as_a_trucker_whats_the_worst_part_of_your_day/
which is worst,https://www.reddit.com/r/Truckers/comments/u1vs8z/which_is_worst/
Is this really the worst truck stop in the country?,https://v.redd.it/ftfuo2paka081
The worst days,
The worst days,
The worst days,https://i.imgur.com/y9QgsZ9.jpg
The worst days,
What is your favorite state to drive in? Roads/truck stops/people (other drivers)/view.,https://www.reddit.com/r/Truckers/comments/177dwhb/what_is_your_favorite_state_to_drive_in/
States with best/worst rest stops?,https://www.reddit.com/r/Truckers/comments/wnxsh4/states_with_bestworst_rest_stops/
What are The Best and Worst States to Deal with DOT and Weigh Stations?,https://www.reddit.com/r/Truckers/comments/wngd8i/what_are_the_best_and_worst_states_to_deal_with/
What's your worst parking experience?,https://www.reddit.com/r/Truckers/comments/6j4f2l/whats_your_worst_parking_experience/
What are the worst things about being a trucker,https://www.reddit.com/r/Truckers/comments/x2wj16/what_are_the_worst_things_about_being_a_trucker/
What is the worst load you have hauled?,https://www.reddit.com/r/Truckers/comments/f8059t/what_is_the_worst_load_you_have_hauled/
What state has the worst drivers? Four wheelers and trucks.,https://www.reddit.com/r/Truckers/comments/19fdzd2/what_state_has_the_worst_drivers_four_wheelers/
What’s your worst trucking experience?,https://www.reddit.com/r/Truckers/comments/nb81jp/whats_your_worst_trucking_experience/
What is the best and worst things you have experienced as a trucker?,https://www.reddit.com/r/Truckers/comments/1aykj8p/what_is_the_best_and_worst_things_you_have/
What are your favorite and least favorite states to drive through? Why?,https://www.reddit.com/r/Truckers/comments/7auk8t/what_are_your_favorite_and_least_favorite_states/
"Dump truck drivers of reddit, why are you the worst?",https://www.reddit.com/r/Truckers/comments/1cwmbdk/dump_truck_drivers_of_reddit_why_are_you_the_worst/
Worst city for trucks?,https://www.reddit.com/r/Truckers/comments/14qt4qc/worst_city_for_trucks/
Which are the worst states to deal with Dot in?,https://www.reddit.com/r/Truckers/comments/15v2gof/which_are_the_worst_states_to_deal_with_dot_in/
Which state has the best drivers and which has the worst?,https://www.reddit.com/r/Truckers/comments/zttyu3/which_state_has_the_best_drivers_and_which_has/
What's the best and worst places you have done a 34 hour reset?,https://www.reddit.com/r/Truckers/comments/qt1kb3/whats_the_best_and_worst_places_you_have_done_a/
Worst drivers?,https://www.reddit.com/r/Truckers/comments/10uk5it/worst_drivers/
What is the best and worst Brokerages to go through?,https://www.reddit.com/r/Truckers/comments/lpshsu/what_is_the_best_and_worst_brokerages_to_go/
What Is the best Truck to drive?,https://www.reddit.com/r/Truckers/comments/16c2zww/what_is_the_best_truck_to_drive/
What are the best and worst parts of being a trucker in your opinion?,https://www.reddit.com/r/Truckers/comments/i18zx3/what_are_the_best_and_worst_parts_of_being_a/
"Alright. Everyone talks about the worst roads, what state in your opinion has the best?",https://i.redd.it/lqhoxr9l9iwb1.jpg
"Night drivers, what’s your favorite city to drive through?",https://www.reddit.com/r/Truckers/comments/1d5zd5h/night_drivers_whats_your_favorite_city_to_drive/
The worst truckers…,https://www.reddit.com/r/Truckers/comments/r8w7sr/the_worst_truckers/
Do you have a favorite/least favorite areas to drive OTR/regional? Any best/worst local cities to drive locally?,https://www.reddit.com/r/Truckers/comments/sxpro3/do_you_have_a_favoriteleast_favorite_areas_to/
What's the worst dispatcher you've had,https://www.reddit.com/r/Truckers/comments/wpdsrc/whats_the_worst_dispatcher_youve_had/
What is the worst thing you've had to haul?,https://www.reddit.com/r/Truckers/comments/qbk207/what_is_the_worst_thing_youve_had_to_haul/
Truckers of Reddit; 'What is the Worst Truck Stop in USA?',https://www.reddit.com/r/Truckers/comments/92c5z2/truckers_of_reddit_what_is_the_worst_truck_stop/
what's the worst company you've driven for?,https://www.reddit.com/r/Truckers/comments/zu30uf/whats_the_worst_company_youve_driven_for/
Worst company to drive for...,https://i.redd.it/0oxktxdcrfab1.jpg
Best and worst truck stops?,https://www.reddit.com/r/Truckers/comments/18eecjr/best_and_worst_truck_stops/
What is the best and worst metropolitan areas to have to drive through and why?,https://www.reddit.com/r/Truckers/comments/9kdk20/what_is_the_best_and_worst_metropolitan_areas_to/
What's the worst part about P & D?,https://www.reddit.com/r/Truckers/comments/10fkcyd/whats_the_worst_part_about_p_d/
"Truck drivers who’ve driven across the US, what state/city/area has the worst drivers?",https://www.reddit.com/r/Truckers/comments/ukm7qp/truck_drivers_whove_driven_across_the_us_what/
What are the top 3 worst States for trucking and Why?,https://www.reddit.com/r/Truckers/comments/151grz2/what_are_the_top_3_worst_states_for_trucking_and/
What's the worst trucking job you've had and why?,https://www.reddit.com/r/Truckers/comments/i9b466/whats_the_worst_trucking_job_youve_had_and_why/
What is your favorite state to drive through?,https://www.reddit.com/r/Truckers/comments/xgtl5s/what_is_your_favorite_state_to_drive_through/
Worst truck stop?,https://www.reddit.com/r/Truckers/comments/1b0jabx/worst_truck_stop/
Which state has the worst mountains to drive?,https://www.reddit.com/r/Truckers/comments/vwo74w/which_state_has_the_worst_mountains_to_drive/
Best and Worst?,https://www.reddit.com/r/Truckers/comments/b3cbgh/best_and_worst/
Best and worst companies to drive for,https://www.reddit.com/r/Truckers/comments/oafpav/best_and_worst_companies_to_drive_for/
What is the worst truck stop you've ever visited?,https://www.reddit.com/r/Truckers/comments/74qd5w/what_is_the_worst_truck_stop_youve_ever_visited/
What's your worst day?,https://www.reddit.com/r/Truckers/comments/8okuxj/whats_your_worst_day/
What’s the worst place you’ve driven through?,https://www.reddit.com/r/Truckers/comments/15sfrtk/whats_the_worst_place_youve_driven_through/
What's the worst city you've driven in? What made it difficult?,https://www.reddit.com/r/Truckers/comments/hhrpwl/whats_the_worst_city_youve_driven_in_what_made_it/
Where are the worst drivers in the United States? City and State or just the whole State?,https://www.reddit.com/r/Truckers/comments/b7ur7j/where_are_the_worst_drivers_in_the_united_states/
What states have the best drivers and what states have the worst? ,https://www.reddit.com/r/Truckers/comments/1ccstdq/what_states_have_the_best_drivers_and_what_states/
State with the worst drivers?,https://www.reddit.com/r/Truckers/comments/19940ub/state_with_the_worst_drivers/
What's your least favorite city/ State to drive in?,https://www.reddit.com/r/Truckers/comments/1cfmqib/whats_your_least_favorite_city_state_to_drive_in/
"Tennessee , the worst state to drive through....",https://www.reddit.com/r/Truckers/comments/i9f13f/tennessee_the_worst_state_to_drive_through/
What state has the worst roads?,https://www.reddit.com/r/Truckers/comments/17j948i/what_state_has_the_worst_roads/
What are the best and worst brokers to go through?,https://www.reddit.com/r/Truckers/comments/t53i4l/what_are_the_best_and_worst_brokers_to_go_through/
Which states are the best to work in and the worst to work in?,https://www.reddit.com/r/Truckers/comments/17hachw/which_states_are_the_best_to_work_in_and_the/
The worst,https://i.redd.it/g4vemideyso31.jpg
What is the worst truck stop to park at?,https://www.reddit.com/r/Truckers/comments/6j57lk/what_is_the_worst_truck_stop_to_park_at/
Which city/state has the worst truck stops?,https://www.reddit.com/r/Truckers/comments/xxnyay/which_citystate_has_the_worst_truck_stops/
What are the 3 worst cities in America to drive Through!?,https://www.reddit.com/r/Truckers/comments/xwsji7/what_are_the_3_worst_cities_in_america_to_drive/
"Truck drivers of Reddit, what's the worst truck stop you've ever been to?",https://www.reddit.com/r/AskReddit/comments/7nxtxa/truck_drivers_of_reddit_whats_the_worst_truck/
Whats the worst city to drive a truck in?,https://www.reddit.com/r/Truckers/comments/8mb8er/whats_the_worst_city_to_drive_a_truck_in/
Best and Worst states to drive in?,https://www.reddit.com/r/Truckers/comments/10ujtif/best_and_worst_states_to_drive_in/
Worst city to drive in/through?,https://www.reddit.com/r/Truckers/comments/15b35pw/worst_city_to_drive_inthrough/
What's the worst truck stop you've ever been to?,https://www.reddit.com/r/Truckers/comments/85549s/whats_the_worst_truck_stop_youve_ever_been_to/
What's the worst truck stop you been to?,https://www.reddit.com/r/Truckers/comments/meodnv/whats_the_worst_truck_stop_you_been_to/
What has been the worst city to drive-through for you?,https://www.reddit.com/r/Truckers/comments/vf4ntl/what_has_been_the_worst_city_to_drivethrough_for/
